ID,Adventure1,Adventure2,Adventure3,Adventure4,Adventure5,Adventure6,Adventure7,Adventure8,Adventure9,Adventure10,Adventure11,Adventure12,FocusType,DangerExp,Openness,NumAdventures
1,4,6,6,4,2,6,7,5,7,4,5,5,2,1,4,3
2,4,5,5,3,1,4,5,2,5,6,5,5,2,2,3,3
3,1,6,6,3,4,3,4,4,3,4,4,3,2,1,4,3
4,3,6,2,4,4,5,5,4,4,6,4,5,1,1,5,3
5,4,5,5,1,1,2,5,3,5,6,4,6,2,2,6,2
6,5,5,6,1,1,4,9,2,4,4,4,2,2,2,2,3
7,3,5,3,6,3,8,6,6,5,5,4,6,1,1,5,3
8,3,4,5,1,3,2,5,2,4,5,5,5,2,2,5,4
9,3,4,5,5,6,6,7,7,4,3,4,2,1,1,4,3
10,3,6,5,3,5,6,5,7,4,7,5,3,1,1,5,3
11,2,5,3,6,8,5,5,4,5,5,5,5,1,1,4,3
12,2,4,5,1,1,4,5,2,7,4,3,5,2,2,4,3
13,4,7,4,4,4,4,5,5,3,5,5,5,2,1,7,3
14,3,6,4,5,5,5,5,5,4,5,2,4,2,1,5,2
15,2,7,3,5,2,4,6,4,7,6,4,7,2,1,6,4
16,2,5,5,3,2,4,6,4,6,3,4,3,2,1,5,3
17,3,7,2,4,3,3,5,4,5,7,4,5,1,2,5,3
18,3,6,5,6,6,5,6,6,4,6,3,5,1,1,5,4
19,3,6,3,1,1,2,4,1,6,6,5,6,2,2,6,3
20,3,5,6,2,1,4,5,4,7,5,6,4,1,2,3,3
21,2,5,4,5,4,4,8,5,6,5,4,6,1,1,5,3
22,3,7,4,5,6,6,5,6,5,5,3,5,1,1,5,4
23,2,7,4,1,4,2,5,2,5,7,7,5,1,2,7,4
24,3,4,3,4,5,4,6,3,5,5,5,5,2,1,4,2
25,3,5,6,5,4,4,6,5,3,5,5,4,1,1,5,3
26,3,6,5,2,3,5,7,4,4,5,5,5,2,1,4,2
27,1,4,3,1,1,4,6,1,4,6,5,5,2,2,3,3
28,4,7,3,3,3,5,4,4,5,5,6,5,1,2,3,4
29,4,5,5,6,5,7,6,4,5,3,4,5,2,1,3,3
30,4,5,4,6,6,8,5,5,6,7,4,5,1,1,4,3
31,3,6,4,5,5,5,6,3,6,3,6,5,2,1,4,4
32,4,4,3,4,2,4,6,3,7,6,4,5,2,1,4,5
33,3,4,4,2,1,3,7,2,7,5,3,5,2,2,4,4
34,3,7,4,2,3,3,5,4,5,6,5,6,2,1,4,4
35,3,5,3,4,1,5,6,4,5,5,4,4,2,1,5,4
36,3,6,3,4,4,5,4,4,4,7,5,4,1,1,6,4
37,1,5,4,1,1,1,3,2,5,7,5,4,2,2,6,3
38,3,7,4,1,1,3,4,1,4,6,7,6,2,2,8,4
39,4,5,4,4,3,3,7,4,6,4,4,4,2,1,5,3
40,4,5,6,3,2,4,5,2,4,5,4,3,2,1,3,4
41,3,6,2,4,5,6,5,5,5,8,6,4,1,1,6,2
42,5,6,6,2,4,3,5,3,4,5,5,4,2,1,4,3
43,4,5,5,3,1,5,5,5,6,4,3,5,1,2,4,3
44,3,5,4,6,8,7,6,6,5,4,4,5,1,1,4,2
45,4,5,3,1,4,4,6,3,4,6,5,6,1,2,4,4
46,2,6,4,7,6,5,5,6,5,7,4,4,1,1,6,3
47,5,4,5,6,6,6,7,5,6,5,4,5,1,1,6,3
48,4,5,5,4,3,4,6,4,4,5,5,4,1,2,5,3
49,4,7,4,1,2,4,6,2,6,6,5,4,2,2,5,3
50,3,4,5,2,4,3,6,5,4,4,3,5,2,1,5,3
51,2,7,4,4,3,4,4,5,6,8,4,7,2,1,5,4
52,4,3,6,6,5,7,6,6,4,6,2,3,1,1,4,2
53,1,6,4,1,1,3,5,1,6,5,4,3,2,2,5,3
54,3,6,4,5,5,5,4,6,5,6,5,5,1,1,5,3
55,3,5,5,4,6,6,5,6,6,4,7,7,1,1,4,5
56,4,7,5,1,1,2,4,1,6,6,4,3,2,2,6,3
57,5,5,5,7,7,8,6,5,5,5,2,6,1,1,4,2
58,5,5,2,5,7,7,4,6,5,5,4,4,1,1,7,2
59,3,4,5,3,1,4,4,3,5,5,2,4,2,2,4,1
60,3,6,5,6,7,6,4,6,4,5,4,5,1,1,5,4
61,3,6,4,3,5,7,6,5,2,6,3,4,1,1,4,3
62,1,6,3,2,1,3,4,1,6,7,5,5,2,2,7,3
63,2,6,5,5,2,3,6,2,5,5,2,6,2,1,6,4
64,4,5,4,1,1,2,7,2,4,5,6,5,2,2,4,3
65,2,6,5,4,3,6,6,3,5,6,4,4,2,1,5,3
66,4,5,4,3,2,4,4,2,6,5,5,4,1,2,6,3
67,3,6,4,3,4,5,6,4,4,6,4,7,2,1,4,4
68,1,6,3,4,6,5,5,5,5,6,5,5,1,1,6,3
69,4,7,4,5,7,5,4,6,4,5,2,4,1,1,4,3
70,1,4,4,5,3,3,3,3,8,6,3,4,2,1,5,3
71,3,6,4,3,2,4,6,5,4,6,6,5,2,1,6,4
72,3,4,4,4,2,3,6,3,5,4,3,3,1,2,5,3
73,5,5,4,1,2,6,6,5,3,3,6,5,1,2,3,4
74,4,6,4,3,2,2,5,1,6,5,5,5,1,2,5,3
75,3,4,6,6,6,7,7,6,4,4,5,4,1,1,4,3
76,2,6,4,1,1,2,6,4,6,6,5,4,2,2,6,3
77,4,7,3,4,4,5,5,5,5,4,4,6,1,2,5,4
78,4,5,5,4,5,6,6,6,3,6,4,3,1,1,5,2
79,4,5,3,8,7,7,5,6,4,5,2,5,1,1,3,4
80,3,6,3,7,5,8,6,8,5,4,3,6,1,1,4,3
81,4,4,5,3,2,4,8,3,5,5,5,4,2,1,4,3
82,4,2,5,4,4,4,6,5,4,5,3,2,2,1,5,2
83,4,6,3,2,2,5,6,3,6,7,5,3,2,1,4,5
84,4,4,7,2,3,4,7,3,6,5,3,6,1,2,4,3
85,4,4,1,6,3,6,8,3,3,6,5,4,2,1,4,2
86,4,6,5,1,3,4,4,3,4,6,5,7,1,2,4,3
87,2,7,5,7,4,9,8,8,5,6,4,5,1,1,4,3
88,3,6,3,1,1,1,4,1,5,5,4,5,2,2,5,4
89,3,5,3,4,7,5,8,7,6,5,5,4,1,1,5,2
90,2,7,3,5,5,5,4,6,6,5,3,6,1,1,4,3
91,3,6,3,6,6,7,6,5,5,5,3,3,1,1,6,3
92,4,6,3,7,3,7,4,7,6,4,3,6,1,1,6,3
93,4,5,2,1,1,2,6,2,6,5,3,4,2,2,5,2
94,1,7,3,1,1,4,6,1,4,7,5,6,2,2,5,5
95,4,5,4,2,3,4,6,5,5,4,4,5,2,1,4,2
96,2,5,4,6,5,6,7,6,4,5,4,3,1,1,5,3
97,4,5,5,3,3,3,5,5,5,7,5,3,1,2,4,3
98,5,5,5,3,3,5,6,2,5,4,5,2,1,2,3,4
99,2,5,4,4,4,3,7,3,4,7,2,5,1,2,5,2
100,3,7,4,1,1,2,4,1,4,6,5,5,2,2,4,4
101,2,6,5,6,4,6,2,6,8,5,5,5,1,1,6,3
102,2,7,4,1,2,5,6,6,5,5,5,4,2,1,4,4
103,6,3,3,1,1,3,6,1,7,4,2,3,2,2,3,2
104,1,7,4,4,3,7,4,4,7,5,7,6,2,1,6,3
105,2,5,4,5,7,6,5,7,7,7,5,5,1,1,5,3
106,3,6,3,5,3,6,6,4,5,7,4,7,2,1,4,4
107,3,3,5,6,8,6,5,4,6,4,5,4,1,1,4,3
108,5,5,6,5,5,3,4,4,5,6,4,6,1,1,6,2
109,2,5,3,4,4,5,5,4,5,4,5,5,1,1,5,4
110,2,7,4,2,2,2,7,1,4,6,6,4,1,2,5,3
111,3,4,5,1,5,4,5,4,5,5,6,6,1,2,4,4
112,1,9,3,1,2,4,4,3,6,6,6,6,2,2,5,4
113,4,5,5,4,5,4,4,1,7,4,5,4,2,1,5,5
114,2,7,5,4,4,5,7,6,5,6,4,3,1,1,4,3
115,1,6,4,2,1,4,4,3,7,6,4,5,2,2,6,2
116,4,6,4,2,3,5,5,2,5,6,4,4,2,1,5,2
117,4,4,4,2,1,1,6,3,6,5,6,5,2,2,6,3
118,2,4,4,4,4,6,7,4,4,6,5,5,2,1,4,3
119,3,6,5,2,3,6,6,5,6,2,5,4,1,2,4,1
120,3,5,3,5,4,7,5,4,7,5,6,4,2,1,4,2
121,4,3,7,6,4,6,6,4,4,4,2,4,2,1,4,4
122,3,7,5,5,5,5,5,7,3,6,3,6,1,1,5,4
123,4,2,6,5,6,6,7,7,4,6,5,5,1,1,4,3
124,1,5,4,3,3,5,5,3,6,6,4,6,1,2,5,3
125,2,6,6,5,3,5,5,4,7,6,5,5,2,1,5,5
126,3,4,5,4,4,4,7,4,5,5,3,4,1,2,5,2
127,1,8,1,4,2,5,4,4,4,5,5,6,1,2,5,3
128,4,6,6,6,8,6,5,6,6,6,4,3,1,1,5,1
129,5,6,7,3,2,5,7,2,5,5,4,5,1,2,4,4
130,3,6,3,1,1,4,7,2,6,7,5,6,2,2,4,4
131,4,4,4,2,1,4,7,2,4,6,5,6,2,2,4,4
132,4,3,5,6,6,7,7,6,5,5,3,4,1,1,3,3
133,2,7,3,1,2,2,4,1,5,6,6,5,1,2,6,3
134,4,5,5,1,1,1,4,2,3,5,3,3,2,2,3,4
135,3,6,4,4,3,5,5,6,6,7,5,3,2,1,5,4
136,4,5,4,3,3,4,6,4,5,4,4,3,2,1,4,1
137,3,5,4,4,4,6,7,5,5,5,4,5,1,2,5,4
138,4,7,4,4,8,5,6,4,5,6,6,6,1,1,4,5
139,3,6,2,3,6,8,4,6,4,6,4,6,1,1,4,3
140,2,8,4,4,2,5,5,3,5,6,5,6,2,1,6,2
141,3,5,5,4,5,5,4,5,5,3,4,3,1,1,5,3
142,2,5,4,4,1,6,5,4,5,5,6,5,2,1,4,3
143,2,6,3,7,7,5,4,6,6,6,6,5,1,1,5,4
144,3,6,5,5,3,4,6,4,5,7,6,7,2,1,7,4
145,3,6,5,4,2,4,5,4,6,6,4,3,1,2,7,2
146,5,6,3,3,4,5,5,6,6,6,5,4,1,1,4,2
147,3,7,5,4,3,5,6,4,6,5,5,5,2,1,4,4
148,3,5,6,1,2,4,6,2,3,4,4,2,2,2,4,4
149,1,6,4,1,3,4,5,2,6,5,5,7,2,2,6,4
150,1,7,3,4,1,4,3,6,5,6,5,6,2,1,5,5
151,3,7,3,4,4,6,5,7,6,6,5,6,1,1,6,2
152,4,3,5,2,1,1,5,1,2,5,4,6,2,2,3,3
153,4,5,5,1,1,2,4,1,5,6,7,4,2,2,6,3
154,3,5,4,1,1,1,5,3,6,5,5,3,2,2,6,3
155,3,6,4,5,6,6,7,5,5,4,3,6,1,1,4,3
156,3,5,5,2,4,4,6,3,7,4,4,5,1,2,4,4
157,3,4,3,2,2,3,3,2,3,7,5,5,1,2,4,2
158,4,6,5,5,5,6,5,7,5,6,6,6,1,1,3,3
159,3,4,5,6,4,5,8,5,5,5,3,4,2,1,5,2
160,5,5,4,6,7,8,6,7,5,6,4,3,1,1,5,3
161,2,6,4,5,4,6,4,5,6,6,5,4,2,1,6,3
162,2,4,1,2,2,5,5,4,7,8,4,6,1,2,5,3
163,1,4,5,3,3,5,5,2,5,7,6,4,2,1,3,3
164,3,6,2,2,3,5,7,4,6,7,5,3,2,1,5,4
165,6,4,5,4,2,7,7,5,3,1,3,4,2,1,4,2
166,5,5,6,5,4,6,7,6,5,6,4,3,1,1,4,2
167,1,8,4,6,4,5,7,5,5,7,5,3,1,1,6,3
168,3,7,4,3,2,5,5,2,6,7,5,5,2,1,6,4
169,3,4,5,2,2,3,6,1,5,5,5,6,2,2,3,4
170,5,3,6,6,5,7,4,7,4,6,2,5,1,1,4,3
171,3,3,3,1,2,4,5,3,3,5,4,4,1,2,3,3
172,2,6,6,4,4,5,7,2,6,5,6,6,2,1,5,4
173,2,7,5,1,1,3,6,2,6,5,5,4,2,2,7,4
174,3,4,5,2,2,3,6,2,5,5,3,5,1,2,6,1
175,2,3,2,3,4,3,5,3,5,4,3,6,1,2,3,3
176,2,4,5,5,6,5,5,7,7,4,3,5,1,1,5,1
177,4,7,3,1,1,1,5,1,5,5,4,7,2,2,4,3
178,3,3,4,5,3,7,6,4,4,3,2,1,2,1,4,1
179,4,1,5,6,7,6,5,5,3,6,4,4,1,1,4,4
180,3,9,4,5,3,5,3,4,6,5,5,4,2,1,5,4
181,3,6,4,4,3,5,5,4,5,6,5,4,2,1,6,3
182,2,6,4,4,1,3,5,4,5,6,3,6,2,1,5,3
183,4,5,3,6,5,1,7,6,5,5,4,5,1,1,5,4
184,4,4,4,2,4,2,6,5,5,5,4,4,2,1,4,3
185,3,4,6,6,6,7,7,6,6,6,2,3,1,1,5,3
186,5,3,4,3,4,3,7,4,5,4,4,4,2,1,3,3
187,4,2,5,3,6,7,8,6,5,3,3,4,1,1,4,2
188,3,5,3,1,1,2,6,1,8,6,4,6,2,2,6,2
189,1,6,4,3,1,3,4,4,4,6,7,6,1,2,7,4
190,4,3,6,5,4,7,5,5,6,3,5,4,1,1,3,3
191,3,6,5,5,2,4,5,4,7,5,3,6,2,1,5,2
192,3,5,4,2,3,4,4,6,5,6,4,3,2,1,4,4
193,2,7,4,6,4,5,6,5,4,3,5,3,1,1,4,3
194,4,6,3,1,1,2,6,1,3,6,4,3,2,2,4,2
195,3,9,4,3,3,3,5,3,5,6,6,6,1,2,6,4
196,5,5,6,4,6,6,5,4,7,5,6,5,1,1,4,4
197,5,4,4,4,6,6,7,6,4,5,4,5,1,1,4,3
198,4,5,5,6,6,6,7,6,6,3,3,3,1,1,3,2
199,2,5,5,1,1,1,5,1,5,4,6,5,2,2,5,3
200,3,6,5,2,1,3,7,1,5,5,4,4,2,2,4,4
201,2,6,4,4,2,4,3,5,5,4,3,5,2,1,5,4
202,1,6,4,3,3,5,4,3,6,6,5,4,1,2,6,4
203,4,5,3,2,3,4,6,5,5,5,3,6,2,1,4,4
204,1,5,5,3,3,4,4,3,4,5,5,5,1,2,5,3
205,4,7,4,4,4,5,5,2,5,5,4,3,1,2,6,3
206,4,5,6,3,1,4,4,3,5,4,3,4,1,2,4,1
207,4,5,3,1,1,3,4,2,4,6,4,3,2,2,8,2
208,3,6,3,5,5,6,4,3,5,6,3,6,1,1,4,4
209,1,6,4,2,3,2,6,2,5,2,5,5,1,2,5,3
210,3,6,4,2,3,3,6,5,5,7,6,6,1,2,4,5
211,4,5,6,4,4,5,7,5,4,5,3,4,1,1,3,4
212,5,6,4,6,3,8,6,5,5,5,4,7,1,1,4,3
213,4,5,5,3,4,3,6,1,5,5,5,5,2,2,5,4
214,3,7,4,1,3,6,4,3,7,6,3,5,1,2,6,2
215,6,4,2,3,1,4,5,2,5,3,3,3,1,2,3,3
216,3,4,4,2,2,5,5,4,5,5,5,4,2,1,3,4
217,2,7,4,5,2,6,4,2,6,7,5,6,2,1,6,5
218,4,5,4,2,1,3,5,1,5,6,3,3,2,2,4,3
219,4,6,5,5,5,4,7,5,5,5,3,5,1,1,5,3
220,2,6,6,2,1,4,4,2,5,7,6,7,2,2,6,3
221,2,5,7,1,1,1,7,1,6,5,5,2,2,2,5,3
222,3,4,4,1,1,2,7,1,4,6,3,4,2,2,4,3
223,4,5,6,5,5,6,4,7,4,4,3,4,1,1,4,2
224,1,7,3,6,5,7,5,5,6,7,5,7,1,1,6,4
225,4,4,4,3,5,5,5,3,5,4,2,4,2,1,5,3
226,4,6,6,4,6,7,4,6,5,4,7,3,1,1,4,4
227,3,7,4,3,3,3,5,2,4,7,4,3,1,2,5,3
228,2,3,5,2,3,2,4,1,6,4,5,6,2,1,5,3
229,2,6,4,6,8,8,7,6,5,6,3,6,1,1,6,3
230,3,6,5,5,4,6,4,6,5,8,6,5,1,1,4,5
231,4,5,4,6,4,6,6,3,6,5,4,6,2,1,5,3
232,3,5,4,1,1,1,4,1,5,4,5,4,2,2,5,2
233,3,6,4,4,3,6,7,5,4,5,5,6,1,1,4,4
234,5,4,5,3,6,6,7,7,6,4,5,4,1,1,3,3
235,2,6,5,2,2,4,6,3,5,8,6,4,1,2,4,4
236,4,5,5,1,1,4,7,1,5,5,3,5,2,2,5,3
237,2,7,5,5,6,6,4,5,5,6,5,6,1,1,4,5
238,4,5,6,5,4,5,5,4,4,6,3,5,1,1,5,3
239,1,8,5,3,4,4,2,2,6,5,5,7,2,1,5,4
240,1,6,3,2,1,5,4,1,4,7,7,6,2,2,6,3
241,5,5,5,2,3,4,5,2,4,5,2,7,1,2,3,4
242,4,6,5,4,4,4,6,3,6,6,4,6,1,2,5,4
243,5,4,6,3,2,3,7,5,5,4,4,2,1,2,3,2
244,2,7,5,2,3,4,6,5,4,7,6,5,1,2,4,4
245,1,7,4,3,4,5,2,2,7,8,6,5,1,2,7,5
246,4,6,4,5,6,7,6,4,3,5,6,5,1,1,5,2
247,3,3,5,6,5,6,8,6,4,5,5,5,1,1,5,4
248,4,4,5,5,6,5,8,3,5,4,3,5,1,1,3,3
249,1,4,1,1,1,2,5,1,5,6,6,7,2,2,5,3
250,4,6,6,2,1,4,5,3,4,6,6,4,1,2,5,2
251,5,5,4,7,6,6,4,7,5,4,3,4,1,1,4,3
252,3,6,6,4,3,5,5,4,6,6,4,4,1,2,4,3
253,1,7,5,5,4,2,6,4,4,7,4,6,2,1,8,3
254,3,4,5,1,1,1,6,2,3,3,4,5,2,2,3,3
255,3,7,4,4,3,4,7,4,6,4,4,5,2,1,4,3
256,3,4,5,6,4,6,6,4,4,4,4,5,1,1,4,3
257,3,5,1,3,5,3,6,5,8,6,4,6,2,1,5,4
258,3,7,4,4,5,5,4,6,6,7,6,6,1,1,5,4
259,1,6,3,3,1,5,6,1,7,6,3,7,2,1,6,4
260,1,8,4,3,3,5,6,3,7,6,5,6,2,1,6,3
261,4,4,3,2,3,3,7,3,4,2,3,3,2,1,4,3
262,4,6,4,2,1,1,6,1,5,5,4,5,2,2,6,3
263,3,5,6,5,3,5,6,7,5,6,4,4,1,1,6,4
264,3,4,7,5,6,7,5,6,4,5,4,4,1,1,3,3
265,2,6,4,3,3,5,4,4,7,7,5,5,2,1,6,4
266,3,5,3,5,4,4,5,3,4,5,3,4,2,1,2,4
267,4,4,5,2,3,4,6,4,6,4,5,3,1,2,6,3
268,4,5,4,5,1,3,7,4,3,4,4,5,1,2,4,4
269,3,6,4,2,1,5,6,3,5,6,2,4,1,2,4,4
270,3,4,5,6,6,6,7,6,4,4,3,3,1,1,4,3
271,2,5,5,4,3,3,5,3,4,4,3,5,2,1,4,5
272,2,6,5,2,3,6,5,2,6,8,4,5,2,1,5,4
273,3,5,4,5,6,7,6,6,5,6,3,4,1,1,5,5
274,3,6,4,6,5,8,5,4,6,6,6,5,1,1,5,4
275,2,5,5,5,4,6,6,7,6,6,2,5,1,1,5,3
276,3,6,5,5,5,7,4,7,4,5,6,3,1,1,4,3
277,3,8,5,7,5,7,7,5,7,7,6,5,1,1,5,3
278,4,5,5,1,1,2,6,1,6,6,4,4,2,2,4,3
279,3,6,5,1,1,1,5,1,5,7,2,5,2,2,4,4
280,2,5,3,5,7,6,6,5,6,7,5,6,1,1,6,4
281,2,7,2,1,1,4,5,2,5,5,3,4,2,2,5,4
282,1,7,4,3,2,3,4,1,6,6,3,6,1,2,4,3
283,3,6,4,3,4,4,7,4,5,4,3,5,1,2,3,3
284,5,5,5,4,5,5,5,5,5,3,4,4,1,1,3,3
285,3,6,4,6,5,6,4,5,5,5,3,5,1,1,6,4
286,3,5,4,2,1,4,4,4,4,4,5,5,2,1,5,4
287,4,5,5,5,3,5,6,6,4,5,6,7,1,1,5,2
288,4,7,3,3,4,4,4,4,6,6,6,7,2,1,5,4
289,2,6,4,1,1,3,6,1,5,4,4,4,2,2,4,3
290,3,5,5,4,6,7,4,8,6,5,5,5,1,1,3,4
291,3,6,5,1,1,4,5,2,5,5,3,5,2,2,5,3
292,1,4,3,3,2,4,5,2,3,6,4,5,2,1,4,3
293,3,5,4,4,4,4,5,4,6,6,5,5,2,1,5,3
294,3,5,3,5,4,5,3,5,3,5,2,5,1,1,4,2
295,3,5,3,2,2,6,5,5,5,4,4,5,2,1,4,4
296,4,6,3,3,3,7,6,4,5,7,6,5,2,1,4,4
297,3,7,5,4,4,7,6,5,5,8,4,4,1,1,4,3
298,2,7,5,6,3,5,4,8,4,6,5,5,1,1,5,4
299,3,6,3,4,5,6,4,5,5,4,6,6,1,1,2,4
300,1,6,6,7,6,8,6,8,5,5,3,5,1,1,4,4
301,4,3,3,2,3,4,6,2,4,5,3,4,1,2,5,3
302,4,4,5,2,2,4,6,3,4,5,5,4,1,2,4,2
303,2,5,5,1,1,1,5,1,4,4,3,5,2,2,4,3
304,1,7,3,2,3,4,5,3,7,5,4,6,2,1,6,5
305,2,5,3,5,5,8,6,6,4,7,4,4,1,1,4,4
306,4,6,5,5,5,6,6,7,5,5,3,5,1,1,4,3
307,2,4,5,3,2,2,6,3,7,5,4,4,1,2,4,3
308,2,4,4,3,2,4,6,3,5,6,3,5,1,2,4,2
309,3,5,3,3,5,6,5,5,5,5,5,5,1,1,6,3
310,6,5,6,4,2,5,5,4,4,3,4,3,2,1,4,3
311,3,3,6,2,1,2,7,2,4,6,4,4,2,2,4,2
312,2,7,4,1,1,1,6,1,6,7,6,6,2,2,5,3
313,1,7,4,4,4,4,5,3,5,5,3,5,2,1,5,4
314,4,5,7,1,1,2,6,2,6,5,3,3,2,2,5,4
315,3,7,5,5,4,5,5,3,3,6,3,4,1,2,5,5
316,3,7,2,5,5,6,5,4,6,5,5,5,2,1,4,6
317,5,6,5,5,7,8,6,8,4,7,6,5,1,1,4,2
318,2,7,4,1,1,4,7,1,6,5,3,5,2,2,4,3
319,2,5,4,6,3,4,6,3,3,4,6,5,1,1,6,4
320,4,3,4,3,4,5,6,3,6,6,3,5,2,1,3,3
321,3,6,5,3,4,4,5,4,5,5,5,5,2,1,4,5
322,2,5,5,4,3,4,4,3,5,6,6,5,2,1,5,4
323,3,7,4,6,7,5,5,8,2,5,5,5,1,1,5,3
324,3,6,5,9,6,5,6,7,4,5,3,4,1,1,4,4
325,5,5,4,1,1,2,6,1,4,4,5,4,2,2,3,3
326,4,6,4,4,5,5,4,5,5,5,5,6,1,1,4,3
327,2,7,5,3,3,4,5,5,6,4,4,5,1,1,5,4
328,4,6,5,3,5,4,5,5,6,4,5,3,1,1,5,2
329,4,5,5,2,3,3,5,5,6,6,5,5,2,1,5,4
330,5,5,6,3,5,7,5,6,4,5,5,4,1,1,3,5
331,4,5,3,3,5,4,6,5,4,5,5,4,2,1,4,2
332,2,5,5,2,2,3,4,3,3,3,3,3,2,2,3,3
333,4,4,5,2,2,2,4,1,5,3,5,4,2,2,5,2
334,2,6,4,2,2,6,4,4,6,4,4,5,1,2,4,4
335,4,5,5,4,5,5,5,5,5,6,2,3,1,1,4,2
336,6,6,4,2,4,4,6,4,4,6,5,4,1,2,5,2
337,6,5,5,3,1,3,4,1,5,4,5,4,2,2,4,4
338,4,6,4,5,6,5,6,5,5,5,4,4,1,1,5,3
339,2,3,7,3,2,2,5,4,5,3,4,4,2,2,4,4
340,3,4,5,6,6,7,7,7,2,5,3,3,1,1,4,2
341,1,7,2,4,6,8,3,7,6,7,6,6,1,1,6,6
342,3,5,3,1,1,1,6,1,4,5,4,5,2,2,5,4
343,3,3,4,2,2,3,6,2,5,6,2,5,1,2,4,3
344,2,5,7,6,3,3,8,3,3,5,4,5,2,1,6,2
345,5,3,6,1,2,4,7,3,5,4,3,4,1,2,4,2
346,2,5,3,6,6,6,5,6,4,6,4,4,1,1,5,3
347,4,5,6,1,4,3,5,4,5,5,2,3,1,2,3,3
348,5,5,5,3,6,7,5,6,6,4,3,6,1,1,3,3
349,3,6,3,4,4,6,6,6,5,4,4,7,1,1,2,3
350,4,6,7,4,2,4,8,4,3,5,5,4,1,2,4,2
351,3,7,3,2,1,4,4,2,6,6,4,7,2,2,5,3
352,3,5,5,3,1,4,4,2,7,5,4,6,2,2,6,4
353,4,5,4,5,4,6,7,4,3,3,3,5,2,1,4,2
354,2,5,4,6,4,8,6,4,5,5,4,4,1,1,5,2
355,4,4,3,6,7,5,6,7,5,3,4,4,1,1,4,3
356,3,7,4,3,4,5,6,5,5,6,4,6,2,1,5,3
357,2,9,3,4,2,5,6,3,5,5,5,6,2,1,5,4
358,5,8,6,3,3,4,4,3,6,6,4,5,2,1,6,4
359,5,4,5,5,4,5,4,4,4,5,3,2,1,2,5,2
360,3,5,5,5,7,5,6,5,5,6,5,4,1,1,3,3
361,4,6,4,1,3,2,5,3,4,5,4,5,1,2,5,3
362,3,5,3,6,7,6,5,5,4,5,3,6,1,1,4,3
363,3,6,4,1,1,1,3,1,4,6,4,4,2,2,6,4
364,6,4,4,5,5,6,8,5,4,4,2,5,1,1,3,4
365,4,4,3,8,6,6,5,8,5,5,5,5,1,1,5,3
366,4,5,4,4,2,3,5,3,4,6,4,3,2,1,3,2
367,3,5,4,3,4,4,4,4,4,5,4,3,2,1,5,3
368,3,5,5,2,1,4,7,2,4,4,4,4,2,2,4,3
369,4,3,5,4,6,7,8,5,4,4,3,6,1,1,4,2
370,3,6,3,4,4,6,6,6,7,7,5,5,1,1,5,3
371,3,5,4,5,5,6,3,5,5,6,3,4,1,1,5,5
372,3,6,5,4,3,4,7,4,4,5,4,4,2,1,3,4
373,5,6,4,3,4,5,6,6,5,4,5,4,1,1,3,3
374,2,7,4,5,4,4,6,3,5,8,6,4,2,1,5,4
375,3,5,3,2,6,4,5,1,6,6,5,7,1,2,6,4
376,3,6,6,1,3,3,7,4,5,5,3,5,2,1,3,2
377,5,5,5,4,7,7,7,6,4,6,4,5,1,1,5,2
378,1,6,4,6,4,6,5,6,6,5,4,4,1,1,5,2
379,3,4,5,3,5,7,6,5,4,3,2,4,1,1,4,3
380,2,5,3,1,2,2,4,2,6,8,5,7,2,2,7,4
381,2,6,4,3,2,4,3,2,7,6,5,7,2,1,6,3
382,5,3,6,6,4,6,8,5,5,4,2,4,1,1,2,2
383,4,5,4,2,4,5,6,3,5,5,3,5,1,2,5,3
384,2,6,4,4,4,3,6,4,5,6,4,6,2,1,5,4
385,4,5,3,4,5,7,5,6,4,6,4,4,1,1,4,4
386,1,4,4,1,2,3,5,2,6,6,3,4,2,2,6,4
387,4,4,3,5,5,8,3,6,5,5,3,5,1,1,4,3
388,2,5,4,8,5,5,5,5,5,7,4,5,1,1,6,4
389,3,5,4,5,4,5,7,6,4,6,7,5,2,1,4,2
390,4,5,5,3,4,5,6,2,6,4,6,4,2,1,5,3
391,4,6,4,3,3,4,8,3,5,5,5,4,2,1,4,4
392,5,5,5,6,6,7,7,5,4,4,5,6,1,1,3,3
393,3,6,5,3,3,4,6,5,4,3,4,4,2,1,4,3
394,2,5,4,5,6,5,4,5,8,7,6,7,1,1,5,4
395,3,5,4,4,4,5,6,6,5,5,4,5,1,1,5,4
396,4,5,5,3,4,5,6,2,5,4,2,4,2,1,6,1
397,3,4,3,4,4,5,3,5,6,6,5,4,2,1,5,4
398,4,5,4,2,1,2,6,2,4,5,5,5,2,2,3,3
399,3,6,5,4,5,3,5,3,5,3,2,3,1,2,4,4
400,2,7,6,3,3,3,4,3,6,6,5,6,2,1,5,4
401,1,6,3,5,7,7,5,8,6,6,4,6,1,1,5,3
402,3,7,4,4,4,5,7,3,4,4,4,4,1,2,5,3
403,1,7,3,6,5,5,4,5,6,5,4,6,1,1,8,4
404,3,6,5,5,5,4,7,6,4,5,4,4,1,1,6,3
405,3,4,3,4,6,6,7,5,4,5,5,5,1,1,5,3
406,5,4,5,6,3,5,7,4,2,3,4,2,2,1,4,2
407,4,6,2,1,1,2,4,1,5,6,4,6,2,2,3,5
408,4,3,4,3,3,5,6,2,4,4,1,2,2,1,5,3
409,4,4,6,5,5,7,6,6,2,4,4,4,1,1,3,3
410,4,4,5,6,5,7,1,6,6,6,7,5,1,1,4,4
411,4,5,5,5,7,5,6,4,4,5,4,3,1,1,2,3
412,1,8,4,6,7,6,3,5,5,7,6,6,1,1,6,2
413,4,6,5,4,2,4,6,3,3,4,4,5,2,1,4,5
414,4,4,6,8,5,7,5,6,3,5,3,3,1,1,4,3
415,4,9,4,3,3,3,5,4,5,7,4,5,2,1,6,4
416,4,4,4,3,3,5,5,3,3,5,2,5,2,1,3,2
417,3,5,2,4,4,5,4,3,6,5,4,7,2,1,5,4
418,4,7,7,3,1,6,7,4,6,4,3,5,2,1,4,3
419,4,9,5,2,3,4,6,4,5,5,5,5,1,2,4,4
420,3,5,4,3,4,4,8,2,4,6,3,3,2,1,4,3
421,4,6,5,3,3,3,6,4,5,5,4,4,2,1,5,4
422,5,6,5,1,1,5,6,3,5,5,4,3,2,2,5,4
423,2,7,5,3,4,4,4,2,6,5,5,6,2,1,4,4
424,4,8,5,1,2,1,7,3,4,4,6,4,2,2,4,3
425,5,5,4,6,7,6,5,7,5,6,4,4,1,1,5,3
426,2,5,6,2,1,2,7,4,6,4,5,4,1,2,5,4
427,5,6,4,4,5,6,6,6,6,4,4,4,2,1,5,3
428,4,5,4,1,1,1,4,1,6,5,5,7,2,2,7,5
429,5,4,6,4,5,5,5,5,6,3,5,4,1,1,5,3
430,4,6,4,4,4,4,6,2,4,5,4,5,2,1,5,3
431,2,4,6,5,6,7,6,6,5,4,4,5,1,1,4,3
432,3,6,4,1,1,3,4,2,4,6,5,6,2,2,6,3
433,4,3,4,4,6,7,7,7,3,3,6,2,1,1,4,3
434,1,6,4,2,3,2,5,4,4,5,4,4,1,2,3,4
435,4,5,4,4,4,5,4,3,5,6,4,8,2,1,4,3
436,4,5,3,1,1,3,6,2,6,6,4,7,2,2,6,3
437,2,5,5,6,1,6,4,3,5,4,5,4,2,1,4,3
438,2,6,6,5,5,7,2,6,6,5,5,6,2,1,5,4
439,4,5,5,5,6,6,7,6,5,6,3,4,1,1,4,3
440,3,7,3,2,3,3,4,3,6,7,5,6,1,2,6,4
441,1,8,4,2,2,4,4,3,5,6,4,6,1,2,5,3
442,3,6,6,4,5,8,6,6,4,6,3,6,1,1,4,3
443,3,6,5,6,4,6,6,8,6,5,5,4,1,1,4,5
444,3,7,4,1,1,2,4,1,4,7,5,5,2,2,4,3
445,2,4,3,5,5,7,3,6,6,7,4,6,1,1,4,5
446,4,5,5,5,5,6,4,5,6,7,3,5,1,1,4,4
447,2,4,3,2,4,2,7,3,6,6,5,3,2,1,5,3
448,3,5,5,5,6,7,5,7,6,7,4,3,1,1,5,2
449,1,6,2,3,2,3,3,1,5,7,5,5,1,2,6,5
450,2,3,4,4,6,6,6,4,4,6,4,5,1,1,4,2
451,3,6,6,3,1,2,6,4,4,6,4,4,2,2,5,3
452,4,6,3,5,5,9,3,7,5,7,3,6,1,1,5,4
453,1,5,4,5,3,6,6,4,6,6,6,5,1,2,7,3
454,5,6,3,5,6,5,5,5,5,6,6,5,1,1,3,3
455,2,4,4,3,3,5,5,3,5,6,5,5,1,2,6,3
456,3,7,5,6,5,7,5,7,4,6,4,4,1,1,5,3
457,3,4,3,4,4,5,5,5,7,7,2,3,1,1,7,3
458,3,5,4,3,6,5,6,5,6,5,3,6,1,1,4,3
459,2,6,2,4,2,4,5,6,7,6,6,6,2,1,6,4
460,3,5,4,5,4,3,7,2,5,5,6,5,2,1,4,4
461,2,6,2,6,4,6,4,6,4,5,6,5,1,1,6,2
462,3,4,6,3,3,3,5,4,4,6,6,5,1,1,4,4
463,1,5,5,6,6,7,2,5,6,8,5,5,1,1,6,4
464,5,4,6,1,2,2,8,1,4,4,4,2,2,2,4,1
465,4,6,3,3,3,3,6,3,4,5,3,5,1,2,6,4
466,5,2,6,6,6,6,6,6,3,4,1,3,1,1,4,2
467,2,5,4,3,2,3,6,2,4,5,5,6,2,2,4,4
468,3,4,2,3,4,5,5,3,6,4,4,5,1,2,4,4
469,4,5,5,5,4,5,6,4,5,3,5,6,1,1,4,5
470,2,5,4,4,7,6,4,7,6,6,4,4,1,1,5,4
471,3,7,4,2,4,7,5,5,5,5,3,7,1,1,5,4
472,5,4,5,5,4,5,6,3,3,6,4,4,2,1,3,4
473,5,5,5,2,3,4,5,3,4,6,5,4,1,2,4,3
474,3,6,3,2,4,3,6,3,6,7,4,6,1,2,5,3
475,5,6,6,4,4,6,7,5,3,3,3,5,2,1,2,4
476,5,6,4,1,1,2,7,1,3,5,3,6,2,2,3,2
477,3,5,5,8,8,8,6,7,4,7,4,5,1,1,5,3
478,2,4,4,3,3,4,6,3,4,5,4,3,2,1,4,4
479,4,4,2,4,4,5,4,5,6,5,5,4,2,1,4,3
480,2,4,6,4,3,6,4,7,7,4,4,4,1,1,5,3
481,4,6,3,1,1,3,6,1,4,5,3,4,2,2,3,4
482,6,6,4,5,4,5,6,5,5,5,5,7,1,1,3,3
483,5,5,5,2,2,4,6,4,5,6,6,4,1,2,5,4
484,5,5,4,3,3,6,5,5,5,5,3,5,2,1,4,3
485,3,4,6,3,2,5,5,5,4,6,3,2,2,1,5,3
486,3,5,3,2,4,5,7,3,5,4,4,4,1,2,4,3
487,4,3,5,1,1,2,4,3,4,5,4,5,2,2,3,3
488,2,7,4,5,6,7,4,4,6,7,4,5,1,1,6,4
489,2,5,4,2,1,3,7,3,6,3,6,4,2,2,4,4
490,2,5,3,4,4,7,4,5,6,7,5,4,2,1,6,3
491,3,4,6,6,3,5,5,3,5,7,5,4,2,1,6,2
492,3,6,2,5,7,8,5,7,4,5,6,4,1,1,5,3
493,5,7,5,3,4,6,6,5,3,6,5,4,2,1,5,3
494,4,5,5,4,2,7,5,3,3,5,4,4,1,2,2,3
495,2,6,4,1,1,2,4,2,7,5,4,4,2,2,7,3
496,3,5,6,3,3,7,5,6,4,4,4,3,2,1,3,2
497,4,4,5,3,2,4,4,5,4,4,3,3,2,1,5,3
498,3,4,4,5,5,8,5,5,3,8,5,6,1,1,6,4
499,1,6,3,2,2,4,5,3,5,5,6,6,1,2,5,4
500,4,3,3,4,3,5,9,4,5,4,4,2,1,2,3,2
501,4,5,3,6,6,6,4,6,6,6,4,5,1,1,4,3
502,3,4,5,5,5,6,7,6,4,5,5,4,1,1,5,3
503,2,5,6,3,5,4,6,4,4,6,6,4,2,1,5,4
504,2,6,5,4,1,4,5,3,6,5,4,4,2,1,4,3
505,4,4,6,5,4,5,6,5,5,6,3,5,2,1,4,4
506,2,5,6,5,5,4,4,4,5,6,5,5,1,1,4,5
507,2,7,4,6,6,5,7,9,5,5,5,5,1,1,4,5
508,3,6,4,7,6,6,5,8,6,6,4,5,1,1,4,4
509,5,5,4,3,2,3,4,3,5,6,6,4,2,1,4,3
510,4,5,5,4,3,3,5,2,4,7,4,4,2,1,3,4
511,4,5,4,5,5,6,6,7,7,6,4,4,1,1,4,3
512,4,5,4,4,2,5,6,4,5,4,4,4,2,1,5,2
513,3,6,4,1,2,3,4,3,4,6,5,7,2,2,6,4
514,2,7,7,2,2,3,4,1,5,5,3,5,2,2,6,3
515,2,4,5,1,1,1,8,3,4,5,5,5,2,2,4,2
516,3,6,3,4,4,4,7,3,6,5,3,6,1,2,3,4
517,4,5,4,2,2,5,6,4,6,5,5,5,1,2,5,4
518,2,7,2,6,6,5,3,6,7,8,4,5,1,1,5,3
519,4,5,3,4,5,6,3,5,5,6,5,5,1,1,5,3
520,5,6,4,1,1,1,6,1,6,5,5,3,2,2,5,2
521,3,5,6,4,2,3,4,5,5,4,3,6,1,2,3,5
522,1,7,3,5,5,4,5,5,7,6,6,6,1,1,5,4
523,4,5,3,5,4,3,5,2,5,6,5,6,1,2,5,3
524,3,7,4,5,3,5,6,7,5,7,5,6,1,1,7,3
525,3,3,4,4,3,3,7,3,6,6,5,6,2,1,3,4
526,4,7,6,5,6,6,5,5,6,3,6,5,1,1,3,3
527,1,7,3,4,3,4,5,3,8,5,6,7,2,1,4,4
528,5,4,6,3,5,5,6,3,3,3,3,4,1,2,4,3
529,4,6,4,6,3,5,6,5,4,5,4,5,1,1,5,2
530,2,5,5,4,4,6,5,5,4,6,4,6,2,1,4,3
531,3,7,3,1,1,4,6,1,4,8,3,5,2,2,6,5
532,2,5,6,7,4,6,8,7,5,5,4,5,1,1,1,4
533,2,8,2,8,6,6,3,5,7,7,5,6,1,1,6,5
534,3,5,5,3,3,3,4,2,5,3,2,4,1,2,4,3
535,4,3,3,5,6,9,5,5,5,3,5,4,1,1,5,3
536,2,4,3,2,1,1,6,2,4,5,5,5,2,2,5,3
537,4,6,7,5,2,4,6,3,5,4,6,5,2,1,3,3
538,4,6,2,1,1,2,6,1,4,4,4,3,2,2,4,2
539,4,5,5,3,4,5,4,2,5,4,3,2,1,2,5,3
540,3,4,1,6,5,5,6,6,4,8,5,4,1,1,4,5
541,2,4,4,1,2,1,6,1,3,8,3,3,2,2,4,2
542,1,6,5,4,4,5,5,5,6,5,5,6,2,1,4,5
543,3,6,3,5,5,5,8,5,5,5,6,3,2,1,4,3
544,5,4,6,3,6,6,6,7,5,4,2,5,1,1,3,3
545,2,6,3,4,5,5,6,6,6,4,5,6,1,1,4,5
546,3,4,5,3,2,4,4,2,5,4,3,5,1,2,5,3
547,2,7,5,2,3,3,4,2,4,6,4,7,2,1,5,4
548,2,6,3,2,4,6,4,4,7,7,6,6,1,2,6,4
549,4,6,4,2,3,6,5,4,3,5,6,4,1,2,5,2
550,3,6,5,4,4,6,3,5,6,4,5,4,2,1,5,3
551,2,7,2,1,1,3,4,1,7,7,6,5,2,2,6,3
552,1,6,3,3,5,7,5,5,6,8,4,4,1,1,4,2
553,4,4,6,4,1,4,7,1,6,3,3,4,2,2,4,3
554,3,8,4,5,4,7,4,8,4,5,4,5,1,1,5,1
555,2,7,5,2,4,4,4,3,6,4,3,5,1,2,5,2
556,2,5,2,2,3,5,4,3,6,6,4,5,1,2,5,3
557,3,5,5,4,6,6,5,6,5,6,3,6,1,1,5,4
558,3,5,4,1,1,3,7,1,6,3,4,6,2,2,4,4
559,1,6,6,5,4,7,5,5,7,5,3,5,1,1,5,5
560,1,6,3,4,5,6,6,5,5,6,6,4,1,1,5,4
561,3,4,3,2,1,2,7,2,4,5,4,6,2,2,6,3
562,5,4,3,3,2,6,6,5,3,3,2,2,2,1,4,3
563,4,3,5,3,7,6,6,3,4,6,2,4,1,1,2,3
564,2,5,5,6,6,6,5,7,6,6,3,2,1,1,5,3
565,3,4,7,2,4,5,7,1,3,6,3,4,1,2,3,2
566,4,6,2,5,4,7,5,6,6,5,4,5,1,1,6,3
567,3,6,3,2,3,5,4,5,5,6,6,6,1,2,6,5
568,1,5,3,6,4,5,3,6,3,5,5,4,1,1,4,3
569,2,5,4,1,1,2,5,3,6,7,5,4,1,2,5,5
570,2,5,3,1,1,3,7,1,3,5,3,4,2,2,4,3
571,5,5,5,3,3,3,8,3,4,6,3,2,1,2,3,3
572,4,4,4,3,1,4,8,4,4,5,6,4,1,2,4,3
573,2,5,4,3,5,8,6,7,4,5,3,5,1,1,4,3
574,3,6,5,6,4,7,7,5,4,4,4,5,1,1,3,4
575,5,7,3,1,2,4,5,2,6,7,6,4,2,2,4,3
576,1,4,4,3,4,5,6,5,6,5,3,4,1,2,3,4
577,2,4,6,6,5,7,7,7,4,4,2,4,1,1,3,2
578,3,5,3,1,2,2,4,1,5,5,4,5,2,2,5,4
579,3,6,5,5,5,7,3,6,5,6,4,6,1,1,6,2
580,3,5,4,1,2,2,6,2,3,4,3,4,1,2,5,3
581,2,5,3,2,3,5,6,3,3,5,3,5,1,2,6,3
582,2,8,4,5,7,6,5,7,6,6,5,6,1,1,6,5
583,5,4,3,5,5,6,5,5,4,3,5,5,1,1,6,2
584,4,5,4,3,6,5,6,5,5,6,4,4,1,1,4,2
585,6,4,5,1,1,2,7,2,3,5,3,5,2,2,4,2
586,2,4,4,4,5,7,7,5,6,7,3,4,1,1,4,4
587,5,3,3,2,1,1,5,3,5,4,3,5,2,2,4,2
588,4,5,4,8,6,7,9,6,3,3,3,3,1,1,4,2
589,2,7,3,2,1,5,3,1,5,6,5,6,2,2,5,5
590,2,7,3,5,3,6,4,4,5,5,4,8,2,1,4,4
591,2,7,3,3,3,5,4,3,6,4,4,6,2,1,4,3
592,5,6,3,2,3,4,5,3,5,6,4,5,2,1,6,3
593,4,7,4,5,5,7,4,4,4,6,6,6,1,1,5,2
594,5,4,4,2,1,3,5,1,2,2,3,3,2,2,4,4
595,4,7,3,4,5,8,5,6,5,6,4,5,1,1,6,4
596,4,5,5,3,2,5,5,5,3,3,4,3,2,1,5,3
597,1,4,3,3,5,5,5,7,6,5,2,4,1,1,5,4
598,3,7,3,5,5,7,4,8,7,6,4,6,1,1,7,4
599,4,6,3,5,5,8,5,6,6,7,5,5,1,1,4,4
600,4,4,4,5,5,7,6,7,4,5,2,4,1,1,4,3
601,2,7,5,3,4,4,3,3,6,7,6,6,2,1,5,3
602,4,5,6,5,1,3,6,4,4,4,4,3,2,1,3,3
603,6,5,6,7,6,6,4,6,3,5,4,6,1,1,5,2
604,3,7,4,5,4,5,5,4,7,5,6,6,2,1,5,2
605,4,4,5,4,6,7,6,4,4,4,2,5,1,1,2,5
606,4,5,4,4,4,5,5,7,5,6,5,5,1,1,5,4
607,3,7,4,5,5,7,5,5,4,5,5,6,1,1,6,4
608,3,3,4,2,1,2,7,1,4,6,4,5,2,2,5,1
609,4,6,4,3,3,2,6,4,6,5,4,3,1,2,5,4
610,5,5,4,1,2,1,5,2,4,6,3,8,2,2,3,2
611,1,6,5,1,1,2,5,1,6,6,5,5,2,2,7,3
612,3,7,5,7,5,7,5,6,7,4,4,5,1,1,4,3
613,1,6,3,4,5,7,3,6,4,5,4,6,1,1,5,5
614,2,6,4,5,5,4,5,4,4,5,5,2,2,1,4,4
615,3,4,4,5,5,6,6,5,5,6,4,3,1,1,4,1
616,4,6,3,6,6,7,6,5,8,6,4,6,1,1,5,3
617,4,4,5,1,1,2,7,1,4,5,4,4,2,2,2,2
618,2,4,5,5,4,5,6,3,5,5,3,4,2,1,5,2
619,2,7,4,6,5,6,4,4,4,5,5,5,1,1,4,4
620,3,5,4,4,5,4,5,6,4,3,4,3,1,1,5,3
621,4,4,5,5,5,6,7,6,6,5,5,4,1,1,4,3
622,3,4,3,2,2,3,6,2,5,5,4,5,2,1,4,4
623,1,7,5,1,2,4,4,7,5,7,3,5,2,1,7,4
624,3,4,3,4,5,5,6,7,6,6,5,4,1,1,5,3
625,4,6,5,4,4,7,5,3,3,5,2,6,2,1,4,2
626,2,5,3,4,3,5,4,4,5,4,4,5,1,2,6,4
627,3,4,4,2,3,4,7,3,5,7,5,6,1,2,5,3
628,1,6,2,5,7,5,2,5,5,7,6,7,1,1,6,4
629,1,5,5,3,5,6,6,7,6,7,4,5,1,1,6,5
630,2,4,4,5,5,8,6,5,5,5,3,5,1,1,4,4
631,2,7,4,6,6,6,6,6,5,6,5,5,1,1,6,2
632,1,8,4,4,4,7,6,5,5,7,6,6,1,1,4,4
633,4,6,5,4,3,5,6,4,4,7,4,3,2,1,4,3
634,2,6,4,3,4,4,8,5,6,5,4,5,2,1,4,3
635,1,4,4,2,2,3,6,3,4,6,4,4,2,1,5,3
636,4,3,5,1,4,3,5,2,5,5,4,4,1,2,4,2
637,3,4,5,4,2,7,6,5,6,6,4,6,2,1,4,3
638,3,6,4,4,4,5,4,4,7,5,6,7,2,1,5,4
639,3,4,6,3,2,1,7,3,4,5,2,2,2,1,4,3
640,3,6,4,1,1,1,7,1,4,4,4,3,2,2,4,3
641,6,5,6,4,5,6,7,7,5,3,5,3,1,1,3,3
642,5,5,5,4,1,5,3,4,4,6,5,5,2,1,4,2
643,2,3,4,3,3,3,5,4,5,7,3,5,2,1,6,4
644,2,7,3,4,2,3,5,3,6,6,7,5,2,2,5,3
645,4,5,2,3,3,4,6,4,5,5,6,6,2,1,5,3
646,2,6,6,5,6,6,7,8,5,5,5,6,1,1,4,4
647,1,8,3,1,1,2,5,1,6,7,6,5,2,2,6,4
648,4,6,3,6,4,7,6,7,6,5,4,5,1,1,5,3
649,4,5,5,1,2,3,7,1,5,4,1,4,2,2,4,1
650,4,5,4,3,1,2,5,1,5,5,4,4,2,2,3,4
651,2,6,5,4,3,5,4,2,5,5,4,1,2,1,4,4
652,1,5,6,6,5,9,6,5,6,6,3,5,1,1,5,3
653,5,5,4,3,4,4,6,3,3,5,4,4,2,1,4,2
654,3,6,4,4,5,7,4,6,5,7,7,5,1,1,5,4
655,1,6,5,3,4,2,5,4,3,7,5,6,1,2,3,5
656,2,8,3,5,4,5,5,4,7,8,6,6,2,1,6,5
657,3,5,3,4,3,4,5,3,4,6,4,5,2,1,5,3
658,2,6,3,5,4,7,5,7,5,6,3,7,1,1,4,3
659,3,3,5,4,3,4,6,5,4,6,4,6,2,1,5,3
660,3,5,3,1,1,3,6,2,5,4,4,6,2,2,4,4
661,4,5,3,6,8,6,8,8,5,5,4,3,1,1,4,3
662,5,5,5,2,1,4,5,4,5,6,4,4,1,2,4,4
663,2,7,4,2,3,4,4,3,6,6,4,7,1,2,6,3
664,4,6,5,1,1,2,5,1,4,5,2,3,2,2,5,2
665,3,5,5,6,6,7,6,6,6,6,5,5,1,1,5,3
666,5,2,4,4,2,6,6,2,3,5,5,4,1,2,5,3
667,3,5,4,6,7,6,6,7,6,6,4,5,1,1,4,4
668,4,5,5,3,3,3,3,3,5,5,4,4,2,1,5,2
669,3,6,4,4,5,5,4,6,4,6,4,6,1,1,5,3
670,3,2,6,5,7,6,5,7,5,5,4,5,1,1,4,2
671,3,7,4,2,1,3,3,1,5,8,7,4,2,2,6,4
672,4,6,5,5,7,5,5,7,5,4,5,4,1,1,5,3
673,5,4,3,5,5,7,5,7,4,5,3,5,1,1,4,4
674,3,5,3,4,3,3,6,3,3,4,5,4,2,1,4,3
675,3,5,4,5,4,6,6,7,5,4,2,5,1,1,3,4
676,5,3,5,1,1,3,8,2,5,5,4,5,2,2,3,3
677,4,3,6,5,3,2,6,3,4,5,3,2,2,1,4,1
678,3,4,5,3,5,3,6,4,5,5,3,3,2,1,3,3
679,4,5,5,4,2,4,5,3,5,5,4,6,2,1,5,4
680,5,2,5,3,1,4,6,2,5,3,3,4,2,2,4,3
681,3,5,3,2,2,4,3,4,6,6,6,4,1,2,5,3
682,1,5,5,3,4,4,7,5,5,6,3,5,2,1,3,3
683,3,3,6,4,3,3,6,4,5,5,3,5,1,2,3,4
684,2,5,3,6,4,7,5,5,4,5,5,5,1,1,6,2
685,3,6,5,5,4,5,4,4,4,7,4,5,2,1,6,4
686,3,5,4,3,3,5,5,5,6,6,3,5,2,1,6,2
687,2,6,3,5,6,5,7,6,7,6,4,5,1,1,5,2
688,3,4,6,3,4,2,8,2,5,5,5,7,1,2,5,4
689,5,7,5,4,4,6,5,6,5,6,6,5,1,1,5,5
690,5,5,3,3,1,4,7,3,3,5,4,5,1,2,4,3
691,5,3,6,4,2,3,6,3,5,5,4,3,2,1,5,3
692,4,7,5,4,4,3,6,3,6,5,4,4,2,1,4,2
693,4,6,6,4,3,6,5,4,5,4,3,5,2,1,5,5
694,3,6,3,3,5,5,5,3,5,7,5,5,2,1,3,6
695,2,4,5,4,4,6,5,6,5,4,4,5,1,1,4,4
696,2,7,4,3,4,5,5,3,4,4,4,6,1,2,5,2
697,1,7,2,1,4,4,4,2,6,9,5,5,2,1,5,4
698,5,6,4,3,3,2,8,3,3,3,3,4,2,1,2,3
699,6,5,5,5,5,5,5,5,4,4,2,6,1,1,4,4
700,2,6,3,3,5,5,4,5,3,6,4,4,1,2,5,4
701,4,5,5,3,2,4,7,3,3,6,3,4,2,1,3,3
702,3,6,4,4,5,4,5,6,5,5,7,6,1,1,4,4
703,3,6,5,2,1,3,7,3,5,4,5,4,2,2,4,5
704,3,4,5,3,2,4,7,1,4,7,2,3,1,2,3,4
705,4,5,3,1,2,1,6,2,4,5,3,3,2,2,4,3
706,2,5,2,4,3,6,5,5,3,6,3,5,2,1,6,3
707,4,6,6,5,4,5,5,4,5,8,4,5,1,1,6,4
708,1,7,1,2,2,3,4,4,6,6,6,5,2,2,4,2
709,3,6,6,3,4,5,6,3,4,5,4,6,2,1,5,4
710,2,7,4,2,3,5,5,3,4,6,4,6,1,2,5,2
711,3,6,3,4,1,3,3,3,5,7,4,6,2,1,5,3
712,4,6,5,3,2,6,6,2,5,5,3,2,1,2,4,3
713,4,5,3,5,4,7,5,4,5,4,3,5,1,1,5,3
714,2,5,4,5,5,9,3,4,6,7,6,6,1,1,6,4
715,6,4,5,2,1,3,6,1,3,6,5,5,2,2,4,3
716,3,7,4,3,2,4,5,3,5,8,3,4,2,1,6,4
717,4,7,4,5,5,8,5,6,5,7,3,4,1,1,3,4
718,2,4,5,2,5,3,6,3,6,5,4,5,1,2,5,4
719,3,6,3,4,3,6,3,2,6,6,3,4,2,1,4,3
720,1,4,4,2,3,5,5,4,5,4,3,4,2,1,4,4
721,4,6,4,1,2,2,7,3,4,6,3,4,1,2,4,4
722,5,4,4,4,3,4,8,3,3,5,5,3,2,1,3,2
723,3,6,2,3,2,4,5,3,5,5,4,5,1,2,4,4
724,5,7,3,3,2,3,4,4,5,6,5,5,1,2,6,2
725,2,4,4,5,4,6,6,5,3,5,6,6,1,1,5,3
726,3,7,5,5,4,6,4,6,4,5,4,4,2,1,3,4
727,5,5,4,5,5,8,6,6,4,5,5,4,1,1,3,2
728,6,5,6,6,7,6,6,6,5,3,5,3,1,1,4,1
729,6,5,6,5,4,5,1,5,5,5,5,2,2,1,3,2
730,2,4,3,2,3,4,4,5,5,7,4,4,1,2,6,3
731,1,5,3,3,4,5,5,5,4,8,6,5,2,1,5,3
732,3,4,7,5,2,5,5,4,3,5,4,3,2,1,4,4
733,1,6,4,2,1,2,4,1,6,7,4,4,2,2,5,3
734,4,2,5,2,4,4,6,4,4,3,3,5,2,1,4,3
735,3,5,5,3,2,4,9,1,4,5,3,4,2,2,3,3
736,3,5,6,2,1,6,5,4,3,6,5,4,2,1,5,3
737,3,6,2,4,2,5,7,3,5,7,4,3,1,2,5,3
738,1,5,5,3,3,4,7,3,7,5,6,5,2,1,5,4
739,2,6,5,3,2,5,5,4,6,4,6,7,1,2,3,5
740,4,6,4,3,2,3,6,2,4,5,5,5,1,2,6,4
741,4,4,4,6,5,7,7,6,4,6,3,4,1,1,4,4
742,3,3,5,6,5,6,7,5,6,4,3,4,1,1,5,3
743,3,3,6,2,3,4,7,3,3,5,4,6,2,1,4,3
744,3,4,5,1,3,1,6,3,4,5,3,4,2,2,3,3
745,3,7,3,4,6,6,4,6,5,8,5,5,1,1,5,4
746,3,5,5,6,6,5,5,8,4,5,4,4,1,1,5,3
747,5,7,3,5,7,5,6,5,7,5,3,5,1,1,5,4
748,3,5,5,3,7,6,3,6,5,3,4,4,1,1,4,3
749,4,6,3,4,3,5,6,6,5,5,6,6,1,1,4,3
750,2,6,5,5,4,6,5,5,2,6,5,5,1,1,5,3
751,5,4,5,1,3,2,5,3,6,7,5,4,2,2,4,4
752,2,5,3,3,2,3,6,4,7,8,5,6,2,1,5,3
753,3,7,4,2,3,4,5,3,6,4,4,6,2,1,6,3
754,4,4,4,2,1,1,7,2,5,6,2,4,2,2,5,2
755,4,4,5,5,5,6,6,6,4,6,5,3,1,1,3,4
756,1,5,4,2,1,3,4,2,5,5,5,6,2,2,5,5
757,3,6,6,1,1,3,5,4,5,6,5,7,1,2,5,4
758,2,6,5,4,3,4,6,5,6,3,3,3,2,1,3,3
759,3,4,4,6,5,7,3,7,7,6,4,4,1,1,5,3
760,4,3,5,3,1,5,8,2,3,4,4,3,2,1,4,1
761,5,5,4,2,3,6,5,3,4,7,5,5,1,2,5,5
762,4,4,6,2,5,4,6,4,4,5,3,5,1,2,3,3
763,3,6,6,1,1,4,5,1,4,6,3,3,2,2,3,4
764,3,4,6,2,1,5,5,4,3,5,2,4,1,2,5,2
765,1,7,3,4,2,4,4,3,6,7,4,6,2,1,5,3
766,2,4,3,3,2,4,4,4,5,6,4,5,2,1,4,4
767,3,6,6,4,5,5,3,6,6,5,5,6,1,1,5,3
768,2,6,3,4,3,5,4,2,5,5,4,5,2,1,6,3
769,3,5,5,1,3,4,5,1,5,6,2,6,2,2,6,2
770,3,6,4,6,6,4,5,4,4,5,4,3,1,1,4,3
771,3,5,3,1,3,4,5,2,5,6,6,5,1,2,6,3
772,3,6,5,5,5,5,6,4,4,4,1,3,1,1,4,1
773,4,4,6,4,3,3,6,3,5,4,4,4,1,2,5,3
774,3,4,5,5,3,5,5,4,4,5,4,5,1,1,4,3
775,4,5,5,3,2,3,5,2,6,6,3,6,2,2,3,4
776,5,4,3,3,4,5,8,4,5,2,3,4,2,1,1,4
777,3,7,2,5,4,8,5,7,5,4,3,5,1,1,4,2
778,3,4,4,4,7,7,7,8,6,4,3,4,1,1,4,4
779,4,7,4,5,5,5,5,3,3,5,3,5,2,1,3,3
780,5,6,4,2,3,4,8,3,4,5,4,6,1,2,4,3
781,3,2,6,1,1,1,8,1,4,6,3,4,2,2,5,3
782,5,4,5,4,4,4,5,7,4,4,6,3,1,1,4,1
783,3,4,4,4,5,5,5,5,7,7,3,4,1,1,6,3
784,2,3,6,2,3,4,7,4,6,5,2,1,2,1,3,3
785,2,4,4,6,3,5,6,5,5,8,4,4,2,1,6,2
786,2,5,4,5,5,5,5,4,6,4,4,4,1,1,4,4
787,2,5,5,6,6,6,4,6,5,6,4,5,1,1,5,5
788,5,3,3,5,4,5,6,4,3,5,3,4,1,1,5,3
789,3,4,3,3,1,3,6,1,5,7,5,4,2,2,2,3
790,6,4,4,3,3,5,6,3,4,4,2,2,1,2,3,2
791,3,6,3,5,5,7,6,5,4,6,6,5,1,1,4,5
792,3,4,4,5,5,7,7,6,5,6,4,3,1,1,4,3
793,3,7,5,4,5,4,4,4,6,5,5,5,2,1,5,4
794,3,6,3,1,1,3,7,2,3,5,4,5,2,2,4,2
795,2,6,4,3,6,5,5,5,6,5,5,5,2,1,6,4
796,1,5,2,4,4,4,6,4,6,6,5,8,2,1,5,5
797,3,5,5,2,2,3,6,2,5,5,6,4,1,2,5,2
798,4,6,4,3,3,2,5,4,6,8,6,4,2,1,5,3
799,2,5,3,4,2,4,4,5,5,4,5,5,2,1,5,3
800,3,6,2,3,4,6,4,4,8,6,7,6,1,2,6,4
801,2,5,4,8,4,6,5,7,6,4,3,5,1,1,5,4
802,2,5,5,1,1,3,6,3,4,7,3,4,2,2,5,4
803,2,5,3,2,2,5,6,3,6,6,5,4,1,2,6,3
804,4,5,3,5,5,6,5,5,4,4,4,4,1,1,5,3
805,1,6,5,2,3,5,6,4,7,8,6,5,2,1,4,4
806,3,6,5,4,5,6,6,6,5,5,6,5,1,1,4,4
807,4,7,5,3,2,6,7,3,7,4,5,4,2,1,4,4
808,2,6,4,5,7,5,7,6,6,5,5,6,1,1,4,4
809,2,7,3,6,6,9,4,6,6,8,5,7,1,1,4,5
810,1,4,3,4,5,6,5,5,4,6,5,3,2,1,5,3
811,4,7,5,4,3,5,7,5,4,5,4,4,2,1,5,3
812,3,5,5,4,3,3,6,4,5,3,4,5,1,2,4,2
813,2,5,4,4,6,6,7,3,6,6,4,6,1,2,4,4
814,1,7,6,4,4,4,4,4,5,7,6,6,1,1,7,5
815,3,6,5,2,4,2,6,5,7,7,3,4,2,1,5,3
816,2,5,7,4,5,6,5,6,6,6,4,7,1,1,4,6
817,3,6,3,6,6,5,5,7,5,5,4,3,1,1,5,4
818,6,5,3,4,4,5,7,5,5,5,3,5,2,1,5,2
819,3,5,5,5,6,6,7,6,6,6,4,4,1,1,4,3
820,5,4,3,2,5,6,6,6,6,4,4,7,1,1,3,3
821,3,6,4,3,1,3,4,4,5,6,5,5,2,2,4,5
822,2,5,7,4,5,6,8,4,5,4,1,3,2,1,5,3
823,1,8,2,3,2,1,5,1,5,7,5,7,2,2,6,5
824,2,4,6,3,3,3,7,3,5,4,5,4,1,2,2,3
825,3,5,5,6,8,6,5,5,6,6,5,3,1,1,5,5
826,2,6,4,6,7,6,5,7,4,5,4,6,1,1,6,3
827,4,3,6,4,5,5,7,5,3,5,5,2,1,1,4,1
828,2,6,3,5,6,6,5,6,5,7,5,6,1,1,5,4
829,4,6,4,2,1,2,5,3,5,5,5,5,1,2,5,3
830,4,3,4,3,3,6,4,5,4,6,5,5,2,1,5,4
831,2,6,5,2,1,3,6,1,8,4,3,6,2,2,3,3
832,4,7,4,2,4,3,5,4,4,6,4,2,2,1,4,3
833,2,4,4,2,2,4,7,4,5,5,4,5,1,2,5,3
834,4,4,3,4,3,4,5,3,4,4,4,4,1,2,4,3
835,3,7,5,6,6,5,5,5,7,7,6,5,1,1,5,4
836,3,4,5,2,1,1,7,1,6,4,2,4,2,2,4,3
837,3,4,5,7,5,5,7,6,5,5,5,3,1,1,4,3
838,5,4,4,2,4,4,6,4,6,5,5,5,1,2,5,3
839,4,4,6,5,7,6,7,7,3,6,5,4,1,1,3,4
840,1,5,5,1,2,2,6,1,3,4,5,6,2,2,5,3
841,2,5,3,6,5,7,6,6,3,5,3,4,1,1,4,3
842,2,4,4,5,5,5,4,6,4,6,5,5,1,1,4,2
843,2,6,5,1,1,4,6,1,4,7,3,4,2,2,4,5
844,3,4,7,2,3,5,6,4,3,4,5,2,2,1,3,2
845,2,5,4,5,3,4,4,4,5,8,4,4,2,1,6,4
846,5,5,5,4,2,4,7,5,6,5,4,4,1,2,4,3
847,2,6,3,3,3,5,6,4,5,6,5,5,1,2,5,4
848,3,6,3,5,4,6,5,7,5,5,6,3,1,1,3,4
849,3,4,6,5,7,7,7,5,4,4,3,3,1,1,3,2
850,2,5,6,5,5,6,6,5,7,5,4,6,1,1,5,3
851,2,6,5,5,4,6,5,4,4,5,5,3,1,1,4,4
852,3,6,3,4,4,7,5,5,4,5,4,5,1,1,5,3
853,3,5,4,5,4,5,7,5,6,6,5,3,2,1,4,4
854,2,7,5,3,6,5,5,6,4,6,4,6,1,1,4,3
855,2,6,4,4,5,4,5,3,5,4,4,6,2,1,6,4
856,2,6,4,1,1,2,3,1,5,4,5,6,2,2,5,3
857,3,6,4,4,5,5,5,5,6,5,4,6,1,1,6,3
858,3,7,5,2,1,2,4,1,4,6,4,6,2,2,3,5
859,3,7,5,4,3,6,4,3,7,7,4,7,2,1,6,4
860,2,6,6,1,1,3,7,1,3,5,5,6,2,2,4,3
861,4,6,3,1,1,1,6,1,4,5,5,4,2,2,5,4
862,6,5,4,3,4,5,8,3,5,3,4,3,2,1,3,2
863,4,4,4,7,6,6,5,5,4,4,4,5,1,1,3,3
864,5,3,4,3,5,4,6,3,5,5,4,3,2,1,3,3
865,4,3,5,3,3,6,5,3,5,4,4,4,2,1,4,3
866,3,7,5,5,4,5,4,4,5,8,5,5,2,1,4,4
867,4,4,6,2,3,3,6,5,4,6,4,5,2,1,4,3
868,2,5,5,2,2,4,6,4,6,6,4,5,1,2,6,3
869,4,5,2,6,7,6,5,8,4,6,5,5,1,1,4,4
870,2,6,3,2,1,2,4,2,6,8,4,7,2,2,6,4
871,5,6,4,3,6,6,7,5,5,5,4,4,2,1,3,3
872,4,5,6,6,5,8,7,4,5,6,4,5,1,1,5,4
873,5,3,7,2,2,5,5,3,4,4,2,4,1,2,2,3
874,2,6,3,2,3,5,4,3,5,5,3,5,2,1,6,3
875,3,7,4,4,2,2,5,3,4,6,4,6,2,1,5,3
876,3,3,3,3,2,1,5,4,5,5,3,5,2,1,5,2
877,3,7,5,3,3,5,6,4,5,6,4,6,2,1,6,2
878,4,3,6,5,4,7,5,6,3,4,4,5,1,1,5,3
879,4,7,4,1,4,4,7,4,6,7,4,3,2,1,4,5
880,3,5,5,3,3,2,4,3,4,5,4,4,1,2,5,3
881,1,6,4,2,1,3,7,1,5,5,4,4,2,2,6,3
882,2,5,4,4,6,6,5,5,4,6,6,6,2,1,4,2
883,4,6,5,4,5,5,5,7,4,7,5,6,1,1,4,4
884,2,5,4,2,1,1,4,2,3,5,3,3,2,2,5,4
885,3,7,4,5,4,4,5,2,6,7,5,5,2,1,5,4
886,1,6,5,5,5,4,6,5,6,5,4,4,1,1,6,2
887,2,4,4,5,8,6,3,7,5,4,4,5,1,1,5,4
888,3,5,6,2,3,5,6,3,3,4,5,4,2,1,5,2
889,4,5,5,5,4,5,4,3,6,5,2,6,2,1,6,4
890,5,4,4,4,4,5,7,4,4,4,3,6,1,1,4,3
891,4,5,3,2,5,2,5,3,6,5,4,5,1,2,4,3
892,3,5,4,4,2,1,7,1,4,5,6,5,2,1,5,3
893,3,6,4,1,1,1,6,3,5,7,4,5,2,2,4,4
894,4,4,5,3,4,3,7,2,5,5,3,5,1,2,5,3
895,2,5,4,3,3,4,3,4,7,5,3,6,2,1,4,2
896,3,4,5,3,3,3,6,4,6,8,4,4,1,2,5,4
897,5,5,6,4,3,4,6,3,4,5,4,6,1,2,4,3
898,3,6,4,3,4,6,3,4,5,7,5,6,2,1,6,3
899,4,6,4,3,4,4,6,3,5,4,3,6,1,2,4,3
900,1,5,3,7,7,9,4,5,7,7,5,6,1,1,5,4
901,5,5,2,2,3,3,6,3,3,5,3,5,1,2,5,2
902,4,2,5,3,3,4,6,2,2,5,3,3,2,1,4,2
903,4,2,4,3,6,8,7,6,4,4,3,3,1,1,3,3
904,5,7,5,3,5,6,6,3,3,6,4,3,2,1,4,2
905,4,5,5,2,3,4,7,4,5,5,4,3,2,1,4,2
906,4,4,4,1,1,1,5,1,5,4,4,4,2,2,4,3
907,2,7,5,3,2,3,4,2,7,7,4,7,1,2,4,4
908,2,8,4,7,4,7,6,5,6,5,3,4,1,1,4,4
909,3,5,3,4,3,4,5,3,3,5,2,4,2,1,4,3
910,3,7,5,2,4,5,5,5,4,4,3,5,2,1,5,4
911,1,6,3,7,5,8,6,8,6,7,6,6,1,1,6,3
912,1,7,4,5,3,5,5,3,5,7,4,5,2,1,4,4
913,2,4,4,2,3,2,5,1,4,7,7,7,2,2,6,3
914,3,6,3,2,2,3,6,3,5,5,3,3,2,1,6,2
915,6,5,6,1,3,4,6,5,3,4,3,2,2,1,3,4
916,3,4,4,6,4,6,7,4,4,5,4,4,1,1,3,3
917,3,5,3,5,6,5,6,6,4,4,4,3,1,1,3,3
918,2,4,4,5,6,6,6,5,5,7,4,5,1,1,4,4
919,4,5,5,6,7,5,7,5,5,6,4,3,1,1,3,3
920,3,5,5,4,7,5,6,6,4,4,4,2,1,1,4,3
921,2,5,2,4,2,3,4,1,5,7,5,5,1,2,4,6
922,5,5,3,4,5,6,4,5,3,5,3,3,2,1,2,4
923,7,4,5,6,4,6,8,7,5,4,3,3,1,1,5,3
924,2,6,4,6,7,6,4,6,3,5,5,5,1,1,5,2
925,1,6,4,3,2,5,5,4,5,8,2,5,1,2,7,3
926,5,5,6,5,5,4,6,4,6,4,3,3,2,1,4,2
927,2,6,4,3,4,5,4,5,6,5,5,6,1,1,5,4
928,2,7,6,5,4,4,4,6,3,5,2,7,1,1,4,4
929,2,5,3,3,5,7,4,5,6,5,5,4,1,1,4,4
930,3,4,6,4,4,5,5,7,5,6,4,4,1,1,5,3
931,3,7,6,2,1,3,4,3,6,6,5,6,2,2,6,5
932,2,4,4,7,7,8,5,6,4,5,4,6,1,1,6,2
933,4,5,3,3,5,5,7,5,5,5,4,4,2,1,4,4
934,2,5,5,1,1,3,4,4,4,8,6,7,1,2,6,4
935,3,6,4,3,3,5,6,5,7,6,4,3,2,1,4,5
936,3,6,3,7,5,6,5,6,5,5,4,5,1,1,4,4
937,3,7,2,1,1,2,6,1,6,5,5,4,2,2,4,2
938,4,5,5,1,1,2,6,1,4,6,4,2,2,2,3,3
939,1,4,3,1,3,4,5,2,6,5,3,5,1,2,5,4
940,2,6,3,5,3,5,4,5,7,8,7,6,1,1,5,4
941,3,6,4,4,3,5,3,2,7,5,4,7,1,2,7,3
942,4,5,5,4,5,6,4,7,4,5,4,2,1,1,6,3
943,3,9,4,1,4,4,4,3,5,6,5,6,1,2,6,5
944,4,3,6,3,3,4,8,3,4,5,3,3,2,1,1,2
945,2,5,5,3,4,5,5,5,5,6,4,5,2,1,6,3
946,4,5,7,1,1,1,7,1,3,7,3,3,2,2,4,3
947,2,8,3,5,4,6,4,4,4,7,4,5,2,1,4,4
948,2,7,5,2,3,3,5,3,6,6,6,4,1,2,5,3
949,6,5,5,2,3,4,7,3,5,6,4,4,2,1,5,3
950,5,5,4,1,1,4,7,4,5,5,4,3,1,2,4,3
951,3,5,4,4,2,5,5,4,6,5,4,5,1,2,3,4
952,3,7,4,6,4,6,4,7,5,6,3,6,1,1,5,4
953,3,7,4,3,2,5,6,5,5,6,3,4,1,1,3,3
954,3,3,5,5,6,6,7,6,5,4,5,5,1,1,5,1
955,3,5,5,2,1,4,7,4,2,4,4,4,2,1,4,3
956,3,7,5,4,2,5,4,3,5,5,5,4,2,1,5,4
957,3,4,5,5,2,7,6,7,4,5,5,3,1,1,5,2
958,4,6,3,4,5,3,7,4,5,5,5,5,1,1,4,5
959,3,4,5,3,3,4,5,4,3,7,2,5,1,2,4,3
960,3,6,5,1,1,2,8,1,4,4,3,3,2,2,5,3
961,3,5,3,5,4,6,5,5,6,7,7,7,1,1,6,3
962,4,6,4,1,2,2,4,1,6,6,5,6,2,2,6,3
963,4,6,5,6,8,5,7,4,5,4,4,6,1,1,4,3
964,5,8,4,2,1,1,4,1,3,5,5,5,2,2,5,3
965,4,6,6,4,6,7,5,5,5,3,3,5,1,1,6,2
966,2,4,5,4,1,5,5,4,8,6,4,5,2,1,4,5
967,3,4,5,6,3,5,5,3,6,6,4,4,1,2,5,4
968,1,6,3,5,6,7,4,5,6,5,4,6,1,1,6,4
969,4,7,5,4,4,6,5,4,3,6,4,4,2,1,4,4
970,3,4,5,1,1,2,6,1,4,6,6,4,2,2,6,3
971,4,4,5,3,3,5,7,4,4,7,4,3,2,1,5,3
972,1,6,4,1,1,2,5,2,7,6,5,3,2,2,4,6
973,4,3,7,4,2,5,5,4,3,4,4,6,1,2,4,4
974,3,7,4,2,1,4,5,1,5,6,7,6,2,2,3,6
975,4,7,5,4,3,7,3,5,8,5,5,3,1,2,5,4
976,4,4,5,5,3,7,6,5,5,5,5,5,2,1,4,2
977,3,5,5,6,6,8,5,7,5,3,6,4,1,1,5,3
978,3,7,7,6,6,5,6,4,3,5,4,3,1,1,4,3
979,5,3,4,5,6,8,7,6,3,2,3,5,1,1,1,3
980,5,6,5,5,7,8,7,5,6,4,4,3,1,1,5,2
981,2,6,3,1,1,1,5,1,5,5,2,6,2,2,5,5
982,2,4,5,4,6,6,5,7,5,5,4,4,1,1,3,4
983,4,5,4,4,4,5,6,5,5,4,4,2,2,1,3,3
984,3,5,6,1,1,3,6,1,5,6,5,6,2,2,4,4
985,4,4,2,2,5,5,5,3,5,5,4,4,1,2,3,3
986,4,7,3,4,3,4,5,3,5,6,4,4,2,1,4,4
987,4,5,5,5,6,5,6,4,4,4,4,4,2,1,3,3
988,4,5,4,6,4,5,5,6,6,5,4,5,1,1,3,4
989,1,6,4,4,1,5,6,3,6,7,5,4,1,2,6,4
990,3,5,5,1,1,3,5,2,5,4,4,6,2,2,4,3
991,4,6,4,8,7,6,6,7,5,4,4,2,1,1,4,4
992,1,6,5,2,1,1,4,1,7,6,3,4,2,2,5,4
993,3,5,5,3,3,6,6,5,3,3,4,5,1,2,5,2
994,3,6,3,6,4,5,7,3,5,5,6,4,1,1,4,2
995,3,4,4,2,3,1,8,3,6,6,4,5,1,2,3,5
996,4,3,5,2,1,3,5,2,4,6,5,6,2,2,4,5
997,3,4,3,6,4,6,6,4,5,5,4,5,2,1,4,3
998,5,4,5,5,6,5,6,6,5,4,3,2,1,1,3,3
999,3,3,3,5,5,7,7,6,7,4,3,4,1,1,4,3
1000,3,3,6,1,1,4,6,3,4,5,4,4,1,2,4,2
1001,1,6,4,4,4,5,6,4,3,8,5,2,1,1,5,4
1002,4,7,3,6,5,5,6,6,5,7,5,6,1,1,5,3
1003,1,4,5,3,4,3,4,3,7,5,5,6,1,2,4,4
1004,6,4,6,1,3,4,7,3,3,5,4,3,1,2,4,2
1005,5,4,3,2,2,2,5,4,3,4,5,4,1,2,4,3
1006,3,5,3,4,7,6,7,6,4,5,3,5,1,1,5,3
1007,2,6,6,2,2,6,6,5,4,4,3,3,2,1,3,2
1008,2,7,4,3,3,3,6,3,5,7,4,4,1,2,5,4
1009,3,4,3,3,4,3,5,2,6,5,6,4,1,2,5,3
1010,2,4,6,2,5,3,6,2,6,5,6,6,2,1,4,2
1011,4,5,6,5,6,6,7,6,6,3,3,3,1,1,3,2
1012,3,6,6,5,4,5,4,6,5,4,5,5,1,1,4,4
1013,5,3,8,4,3,5,6,4,5,5,2,2,1,1,5,1
1014,3,7,4,4,4,5,5,4,5,5,3,6,2,1,3,4
1015,3,4,6,5,5,5,6,6,5,6,4,4,2,1,5,5
1016,4,4,5,2,1,4,6,5,4,5,3,4,1,2,3,3
1017,4,5,4,3,4,5,5,3,5,5,3,6,1,2,3,4
1018,5,4,5,5,2,5,8,2,5,5,4,2,2,1,4,2
1019,2,4,3,2,4,4,6,3,5,5,5,4,1,2,6,3
1020,4,5,4,4,5,7,6,6,4,6,5,5,1,1,4,3
1021,2,5,6,4,3,3,5,4,6,7,5,3,2,1,3,3
1022,3,4,4,3,1,2,6,2,4,5,3,3,2,2,4,2
1023,2,6,5,3,3,4,5,3,6,5,5,6,1,2,3,4
1024,1,6,4,3,6,4,5,3,6,5,5,5,2,1,5,3
1025,1,6,4,3,4,3,4,4,8,5,5,7,2,1,5,3
1026,2,8,4,1,1,1,4,1,6,7,5,4,2,2,6,3
1027,5,3,5,4,4,6,7,4,6,6,5,4,1,1,4,3
1028,2,6,4,1,3,2,5,3,3,6,5,5,1,2,5,4
1029,3,4,4,6,4,6,5,6,5,7,4,6,1,1,7,3
1030,6,4,5,5,6,7,6,6,6,5,3,3,1,1,3,5
1031,3,8,4,6,6,6,3,7,6,7,7,4,1,1,6,3
1032,4,4,5,3,6,6,4,3,2,5,3,3,1,1,3,3
1033,3,4,6,2,3,3,5,4,6,6,4,3,2,1,3,4
1034,3,3,7,2,5,5,7,3,6,6,4,4,1,2,4,4
1035,2,7,6,4,5,5,6,4,4,5,5,4,1,1,4,4
1036,3,7,6,4,6,3,5,4,6,4,3,4,1,1,5,3
1037,2,3,4,3,3,5,4,4,6,5,3,5,2,1,5,3
1038,3,5,5,2,1,3,4,2,6,6,5,7,1,2,6,3
1039,3,4,6,3,4,5,6,4,3,3,4,4,2,1,4,2
1040,3,5,4,5,5,6,7,4,4,4,4,3,1,1,5,3
1041,2,7,4,4,5,4,3,4,5,4,4,6,1,1,5,4
1042,2,7,5,6,5,6,4,6,7,5,6,5,1,1,5,5
1043,4,7,5,1,3,1,6,1,3,6,5,4,2,2,5,4
1044,1,5,5,4,5,4,5,5,7,5,5,6,2,1,5,4
1045,4,6,3,2,4,3,5,4,5,6,4,3,1,2,5,4
1046,3,7,4,4,5,6,6,5,6,6,5,3,2,1,5,5
1047,4,6,4,4,3,5,5,5,5,6,5,4,2,1,4,4
1048,2,5,5,3,5,5,4,3,6,6,5,4,1,2,4,3
1049,5,6,6,3,2,3,6,3,5,6,5,5,1,2,5,3
1050,4,7,5,3,3,4,5,2,5,6,5,6,2,2,4,4
1051,1,7,4,7,7,6,7,8,6,8,4,5,1,1,5,3
1052,3,5,3,4,5,5,7,8,4,5,2,3,1,1,5,3
1053,1,9,4,4,5,7,4,6,6,6,4,5,1,1,5,4
1054,1,5,6,5,6,5,5,6,6,6,4,5,1,1,4,4
1055,4,4,4,4,7,7,7,8,3,4,3,5,1,1,4,2
1056,3,6,6,6,5,6,7,6,6,5,3,5,1,1,5,4
1057,3,7,5,6,4,6,4,4,5,5,6,5,1,1,5,3
1058,2,5,4,4,4,3,5,2,7,7,4,5,2,1,4,4
1059,3,5,3,3,4,6,6,7,2,5,2,6,1,1,4,3
1060,4,5,2,5,7,6,4,5,6,7,6,4,1,1,6,5
1061,3,7,4,7,6,8,5,6,4,7,5,4,1,1,4,4
1062,1,5,5,3,5,5,5,5,5,6,2,5,1,2,4,2
1063,2,5,3,1,1,1,5,1,5,6,5,6,2,2,6,3
1064,3,6,4,3,4,5,7,3,4,5,4,4,2,1,6,2
1065,4,6,4,4,5,5,4,4,4,4,4,4,2,1,4,3
1066,3,8,5,5,5,7,6,5,4,4,3,6,1,1,4,4
1067,3,5,3,2,1,2,5,1,5,4,4,2,2,2,6,1
1068,4,6,4,5,3,4,4,2,4,4,4,6,2,1,4,4
1069,5,6,4,7,7,6,3,4,3,6,5,6,1,1,4,4
1070,3,5,4,4,2,6,5,5,4,5,4,4,2,1,5,3
1071,2,4,4,3,4,5,6,5,6,7,5,5,1,2,5,3
1072,4,3,4,6,4,4,4,2,7,7,3,4,2,1,3,3
1073,3,6,5,5,7,6,5,5,5,6,4,5,2,1,3,4
1074,3,6,6,4,6,5,6,4,4,5,5,6,1,1,3,3
1075,4,4,4,6,6,7,5,7,5,6,3,5,1,1,4,4
1076,3,4,3,3,4,5,7,4,5,4,4,5,2,1,4,2
1077,3,7,4,3,4,5,5,4,6,6,3,6,2,1,5,4
1078,4,5,6,1,1,3,5,3,5,4,4,3,1,2,5,4
1079,4,4,5,5,2,3,5,5,4,2,2,4,2,1,4,3
1080,4,6,5,3,4,6,9,5,5,4,4,3,2,1,3,3
1081,1,6,3,4,4,4,5,5,4,5,5,6,1,1,5,4
1082,3,4,3,4,3,3,6,4,3,5,5,5,2,1,5,5
1083,2,5,6,2,2,4,5,3,5,5,6,6,1,2,5,3
1084,4,4,3,2,1,1,6,1,5,5,4,7,2,2,4,2
1085,5,5,6,5,4,7,7,3,5,5,3,6,1,1,3,2
1086,3,6,4,4,4,7,5,6,4,7,6,4,1,1,5,4
1087,4,5,3,5,3,4,6,5,6,6,3,5,2,1,4,3
1088,4,7,6,4,5,3,4,5,5,6,4,4,1,1,4,4
1089,3,6,3,4,5,5,8,8,6,6,5,4,1,1,4,4
1090,5,5,4,6,4,5,6,5,4,3,3,4,1,1,4,1
1091,2,6,6,3,3,4,7,4,6,4,3,3,2,1,3,3
1092,2,6,4,2,3,6,5,4,5,7,6,4,1,2,3,4
1093,4,4,5,2,3,5,6,2,5,8,3,4,2,1,5,1
1094,3,6,4,6,5,6,6,4,4,4,4,4,1,1,5,2
1095,2,6,3,5,7,5,5,5,4,3,4,5,1,1,6,3
1096,2,7,3,5,5,6,5,5,6,5,5,4,1,1,2,4
1097,4,6,5,2,3,6,6,6,4,3,5,6,2,1,3,5
1098,2,3,5,4,2,5,6,3,4,5,4,3,2,1,5,3
1099,4,5,5,2,1,1,7,2,5,6,5,5,2,2,4,3
1100,5,5,5,7,6,7,5,6,5,4,4,3,1,1,4,3
1101,5,3,4,4,4,3,5,5,6,6,4,4,2,1,6,3
1102,2,8,3,1,2,2,4,2,7,6,5,6,2,2,6,4
1103,1,6,3,4,6,8,6,5,5,6,2,5,1,1,5,5
1104,2,7,4,6,4,7,4,8,4,6,5,6,1,1,6,4
1105,5,5,5,4,5,5,7,5,5,6,4,3,1,1,3,4
1106,4,6,4,3,4,5,4,6,5,5,4,3,2,1,4,2
1107,1,6,6,3,2,4,7,4,5,6,5,4,2,1,4,3
1108,4,6,4,2,4,4,6,3,6,5,4,5,2,1,4,2
1109,2,6,3,5,5,7,4,6,6,5,4,5,1,1,5,5
1110,4,6,4,2,2,4,6,2,3,5,3,3,2,2,3,2
1111,1,6,3,7,6,6,5,6,7,5,3,6,1,1,5,5
1112,3,3,4,6,4,7,4,5,4,5,4,4,1,1,4,3
1113,2,7,5,5,5,6,7,5,6,6,4,4,1,1,5,3
1114,3,6,5,6,5,6,6,6,4,5,4,6,1,1,4,3
1115,2,6,4,4,3,5,6,4,6,6,3,6,2,1,3,5
1116,2,6,3,3,1,3,5,1,4,6,6,6,2,2,5,5
1117,3,7,4,4,6,6,7,6,4,6,4,4,1,1,5,3
1118,3,8,5,2,3,4,6,4,6,6,4,7,1,2,5,4
1119,6,5,4,1,1,3,7,4,6,6,2,3,2,2,3,3
1120,4,5,4,4,5,5,5,5,5,3,6,5,1,1,3,3
1121,3,5,3,1,1,1,4,1,4,7,3,5,2,2,4,3
1122,3,6,5,3,3,6,6,2,4,6,4,2,2,1,4,3
1123,3,4,4,2,1,5,5,3,6,5,3,5,2,1,5,5
1124,3,7,2,3,3,5,4,3,4,4,5,5,1,2,5,4
1125,2,6,6,2,4,4,5,4,4,5,4,4,1,2,3,3
1126,4,6,4,1,1,3,6,1,6,6,4,5,2,2,4,4
1127,3,6,4,3,5,5,4,5,5,5,5,3,1,1,4,4
1128,5,5,3,3,3,3,7,2,3,6,4,5,1,2,3,2
1129,3,5,6,4,3,4,6,2,4,5,4,3,2,1,4,3
1130,1,6,2,1,1,4,6,3,5,7,4,4,1,2,7,5
1131,1,7,4,7,6,5,6,6,5,4,5,6,1,1,6,4
1132,3,5,7,6,5,4,7,3,5,4,2,3,2,1,2,4
1133,4,5,6,6,7,7,7,7,5,4,4,4,1,1,3,3
1134,2,7,5,2,2,3,7,3,5,7,4,5,1,2,4,4
1135,4,5,4,4,4,5,6,4,6,4,4,5,1,1,5,4
1136,5,3,4,1,3,4,7,1,4,5,3,4,1,2,4,5
1137,3,7,6,1,1,3,4,1,6,5,5,2,2,2,4,4
1138,4,7,4,4,3,5,4,4,6,8,5,5,2,1,6,4
1139,3,6,4,4,5,6,5,4,6,6,4,4,2,1,5,4
1140,2,7,3,1,2,2,2,2,6,6,6,7,1,2,5,4
1141,4,5,4,8,5,5,6,8,5,1,5,3,1,1,2,3
1142,4,4,5,4,6,8,3,7,4,5,5,5,1,1,4,2
1143,1,5,3,2,4,3,4,5,4,5,3,4,1,2,5,3
1144,2,7,5,4,6,6,6,5,5,8,4,5,1,1,5,3
1145,5,5,5,3,8,6,6,4,3,5,5,5,1,1,4,4
1146,5,5,6,5,6,6,4,5,4,5,3,2,1,1,4,1
1147,2,5,3,1,3,6,5,1,6,4,4,7,1,2,6,4
1148,3,6,4,4,3,3,6,4,6,5,6,4,2,1,4,3
1149,3,7,4,5,6,4,4,5,5,5,4,5,1,1,4,5
1150,3,6,4,5,5,4,6,3,5,7,4,6,1,2,4,4
1151,4,5,4,5,6,6,3,6,6,5,6,6,1,1,4,4
1152,3,5,6,4,4,6,5,4,5,7,4,4,2,1,5,2
1153,2,6,3,2,1,4,6,1,4,5,5,4,2,2,5,4
1154,3,6,4,7,5,6,5,6,4,6,4,4,1,1,5,4
1155,3,6,4,6,4,6,5,4,4,3,6,2,1,1,4,3
1156,5,3,5,1,1,3,9,1,5,3,2,1,2,2,2,1
1157,3,6,2,3,5,3,5,4,5,5,4,5,1,1,4,5
1158,4,6,4,7,7,7,5,8,4,6,4,7,1,1,5,4
1159,2,5,4,3,3,4,6,4,7,5,5,5,1,2,6,3
1160,3,3,5,2,1,4,4,3,3,5,4,3,2,2,5,2
1161,4,6,4,3,1,3,6,1,4,6,3,5,2,2,6,2
1162,3,6,5,3,3,4,4,3,4,3,2,6,2,1,4,3
1163,4,5,4,3,4,6,8,3,5,4,4,6,1,2,4,3
1164,3,4,4,4,4,6,7,6,5,6,5,4,1,1,4,3
1165,5,5,4,6,5,7,6,6,4,7,4,5,1,1,4,2
1166,6,4,4,5,5,5,6,6,4,5,4,2,1,1,4,2
1167,2,5,4,6,7,5,6,4,5,6,5,7,1,1,5,3
1168,2,6,4,4,2,3,6,3,7,6,5,5,2,1,4,4
1169,3,3,4,4,3,6,7,4,5,4,3,4,1,2,5,2
1170,4,6,4,4,6,6,7,5,3,4,5,4,1,1,5,1
1171,1,6,4,6,4,6,4,6,4,5,4,5,1,1,6,3
1172,4,4,6,5,6,7,8,7,4,5,3,4,1,1,3,4
1173,5,5,4,5,5,8,6,5,4,5,2,4,1,1,4,3
1174,2,6,4,4,2,3,5,3,6,6,3,4,1,2,4,3
1175,2,4,5,2,1,5,6,3,7,5,6,3,1,2,4,3
1176,1,8,3,3,4,2,3,4,5,8,6,4,2,1,5,3
1177,1,6,4,4,7,7,4,6,5,6,6,6,1,1,5,3
1178,4,7,4,5,5,6,8,5,4,6,4,7,1,1,4,4
1179,5,6,5,5,5,5,9,7,5,4,4,4,1,1,3,3
1180,3,3,4,1,2,4,9,1,5,4,4,5,2,2,3,3
1181,3,5,4,3,4,5,6,2,5,5,4,4,1,2,5,3
1182,4,4,4,6,5,7,5,4,4,4,5,6,1,1,3,4
1183,3,7,5,5,2,5,4,5,5,6,3,5,2,1,6,4
1184,3,6,4,2,1,2,4,1,4,4,5,5,2,2,5,5
1185,5,4,4,1,1,1,7,3,4,6,5,4,2,2,5,3
1186,4,4,4,3,2,4,6,2,4,5,3,5,2,1,5,3
1187,4,4,3,3,2,5,4,4,8,7,6,6,1,2,5,3
1188,4,5,3,1,4,3,5,4,4,6,5,4,2,1,4,3
1189,5,4,5,2,3,4,7,4,3,3,5,4,2,1,3,2
1190,3,4,2,5,4,7,7,3,5,7,6,5,2,1,5,2
1191,6,5,5,3,2,3,8,4,5,7,3,5,2,1,4,3
1192,5,4,5,1,1,3,6,2,5,4,3,5,2,2,5,3
1193,5,5,7,3,5,6,6,4,5,5,4,3,1,1,5,3
1194,4,5,4,1,1,2,7,2,6,7,4,5,2,2,4,4
1195,5,4,6,3,5,4,7,4,5,4,5,5,2,1,2,3
1196,3,5,5,3,1,4,7,4,4,9,5,5,1,2,4,4
1197,4,4,5,3,3,4,6,3,4,6,4,4,2,1,4,4
1198,4,6,7,1,2,3,6,2,6,5,3,5,1,2,6,3
1199,4,4,4,1,2,2,5,1,6,7,5,6,2,2,5,3
1200,2,5,3,5,5,7,7,7,3,7,4,4,1,1,4,3
1201,4,4,4,6,6,7,7,5,4,5,4,4,1,1,6,2
1202,4,3,3,2,4,4,5,2,5,5,4,5,1,2,5,3
1203,3,2,6,3,3,3,5,5,5,4,4,5,2,1,4,2
1204,1,6,4,1,3,4,5,2,5,6,5,4,1,2,5,5
1205,5,5,3,4,5,5,6,5,4,5,4,5,2,1,5,2
1206,1,7,2,4,4,5,5,6,4,6,4,6,1,1,7,4
1207,2,5,6,5,5,5,5,5,8,6,4,6,1,1,5,3
1208,5,4,5,3,2,1,7,2,3,5,2,6,1,2,4,1
1209,3,7,4,6,5,9,6,7,2,5,3,5,1,1,4,3
1210,2,6,4,2,5,4,5,4,5,5,4,4,2,1,4,4
1211,3,6,6,2,5,5,7,5,5,6,6,4,1,1,4,3
1212,5,7,4,2,1,3,7,1,6,6,5,4,2,2,5,3
1213,3,4,4,2,2,3,6,3,3,6,2,3,2,2,3,2
1214,5,5,5,2,1,1,7,1,4,5,4,6,2,2,4,4
1215,2,8,3,4,5,4,3,3,5,6,5,5,2,1,7,5
1216,5,5,4,4,2,5,7,4,4,5,4,5,1,2,3,2
1217,3,6,5,6,5,6,7,4,4,5,4,5,1,1,5,3
1218,2,8,4,4,5,6,6,5,5,5,4,5,1,1,4,3
1219,3,5,4,2,5,5,6,3,6,6,3,4,2,1,5,1
1220,5,3,5,3,3,4,6,2,4,3,2,3,1,2,4,3
1221,3,5,3,5,6,6,4,6,4,7,4,5,1,1,4,3
1222,2,5,4,1,1,3,7,1,5,6,2,5,2,2,4,3
1223,3,4,5,1,1,3,4,1,4,4,4,2,2,2,4,4
1224,4,5,5,1,1,2,7,1,4,5,3,4,2,2,4,3
1225,1,8,4,5,6,5,4,5,5,6,4,6,1,1,6,3
1226,2,5,5,3,4,4,6,4,5,5,5,6,1,2,4,4
1227,4,5,4,4,2,6,4,5,6,6,6,8,2,1,6,5
1228,4,6,4,5,6,4,5,7,3,5,4,5,1,1,5,3
1229,4,7,5,4,4,5,6,3,6,5,6,3,1,2,5,2
1230,4,4,3,3,1,3,6,2,5,5,3,4,1,2,4,3
1231,3,6,4,2,3,5,7,3,5,6,4,3,1,2,4,3
1232,3,7,4,3,4,4,6,3,5,6,5,4,1,2,4,4
1233,2,7,4,2,4,4,5,4,4,7,5,5,2,1,5,3
1234,2,6,5,6,6,6,4,4,5,5,5,5,1,1,5,4
1235,3,6,4,5,2,4,6,3,3,2,5,3,2,1,4,3
1236,3,6,6,4,6,4,7,6,4,6,3,5,1,1,4,5
1237,2,6,3,1,2,3,6,4,3,4,5,6,1,2,6,3
1238,3,2,4,5,5,5,5,6,4,5,3,5,1,1,5,3
1239,2,7,3,3,4,6,4,6,6,5,4,5,1,1,5,4
1240,4,4,4,5,4,5,8,6,5,4,5,5,1,1,2,4
1241,2,7,4,4,4,4,5,4,4,8,5,5,2,1,5,3
1242,4,6,4,5,3,4,7,6,5,7,4,7,1,1,5,3
1243,3,3,4,2,1,4,7,1,4,6,6,5,2,1,3,2
1244,3,3,4,7,6,7,7,6,4,5,5,3,1,1,5,3
1245,5,2,3,5,5,7,1,7,2,2,3,3,1,1,2,2
1246,2,6,5,4,1,4,7,2,5,6,4,5,2,1,2,4
1247,3,6,3,4,6,6,7,5,5,4,3,6,1,1,4,4
1248,3,4,8,4,4,4,9,3,4,4,6,4,1,2,2,3
1249,2,4,5,4,5,6,5,6,4,4,4,3,1,1,3,5
1250,2,6,4,5,4,5,5,6,8,6,4,5,1,1,5,4
1251,4,3,6,3,3,4,6,2,4,5,4,4,1,2,4,2
1252,5,7,5,1,1,1,6,1,4,5,5,6,2,2,6,2
1253,4,3,6,3,4,5,6,3,6,4,4,3,2,1,3,2
1254,3,6,2,4,7,6,6,6,7,5,4,6,1,1,4,4
1255,2,7,1,4,4,6,3,3,8,6,4,6,2,1,6,4
1256,3,5,4,4,4,5,5,4,3,5,4,5,2,1,5,2
1257,2,6,4,4,4,3,7,4,4,6,4,4,2,1,6,2
1258,6,4,4,5,5,4,7,6,2,4,4,3,1,1,3,2
1259,3,6,6,2,2,4,4,2,5,4,3,5,1,2,4,3
1260,4,6,5,5,5,5,6,6,5,4,6,4,1,1,4,4
1261,1,5,3,3,6,6,7,6,4,5,4,4,1,1,5,2
1262,5,4,4,6,7,5,7,6,6,5,4,4,1,1,3,3
1263,1,7,4,5,4,5,5,5,4,4,4,5,1,1,3,5
1264,3,6,5,1,2,2,5,1,5,6,5,2,2,2,5,3
1265,4,2,4,4,3,4,6,4,5,5,4,3,2,1,4,2
1266,3,6,3,2,4,5,5,3,6,5,4,5,1,2,5,3
1267,4,7,7,1,3,4,6,3,4,4,5,5,1,2,4,3
1268,3,5,3,4,6,8,4,5,6,5,4,3,1,1,4,4
1269,2,8,4,1,1,2,4,1,4,6,5,5,2,2,6,4
1270,3,4,3,4,4,5,7,5,6,4,3,5,2,1,6,3
1271,3,7,2,5,5,5,2,7,6,5,4,8,1,1,7,4
1272,5,6,4,4,5,6,5,5,4,4,5,5,1,1,4,4
1273,3,6,4,1,3,1,6,2,7,6,5,4,2,2,6,4
1274,6,5,5,4,6,6,5,7,3,4,2,4,1,1,4,2
1275,3,5,4,5,4,4,4,5,5,6,5,6,1,1,5,3
1276,3,5,5,1,1,2,5,1,4,6,6,5,2,2,6,2
1277,4,4,6,2,4,3,8,3,6,5,3,5,1,2,3,3
1278,3,4,4,5,7,6,5,6,5,6,3,5,1,1,5,2
1279,4,3,4,1,3,2,7,2,4,7,5,5,1,2,3,1
1280,3,5,4,1,3,1,6,4,6,6,4,4,1,2,6,4
1281,2,6,4,4,4,7,6,5,8,5,5,6,1,1,3,4
1282,1,6,4,5,6,6,5,5,5,7,4,6,1,1,6,4
1283,4,6,4,5,5,5,5,6,6,6,4,4,1,1,6,3
1284,3,3,4,4,6,6,6,3,6,7,5,5,1,1,2,3
1285,4,4,6,6,4,7,8,8,3,5,3,5,1,1,3,2
1286,2,6,3,4,3,4,6,4,5,4,4,5,2,1,3,4
1287,2,5,3,5,4,3,4,6,4,6,6,4,1,1,5,3
1288,3,7,3,3,4,2,5,2,6,6,5,5,1,2,4,4
1289,5,6,4,3,2,4,6,3,6,5,3,5,2,1,4,5
1290,1,6,6,5,3,4,6,3,6,6,3,5,2,1,5,4
1291,3,4,5,8,6,6,7,6,3,5,5,4,1,1,5,4
1292,5,5,5,7,6,6,5,5,4,3,3,3,1,1,4,2
1293,4,6,6,4,5,7,5,6,6,5,4,4,1,1,6,2
1294,2,4,5,2,3,2,3,1,5,6,6,5,1,2,6,3
1295,4,4,5,5,4,4,7,5,3,4,3,4,2,1,2,4
1296,2,7,4,1,3,1,5,1,5,6,4,5,2,2,6,3
1297,5,6,4,2,2,2,6,5,6,7,3,5,2,1,5,3
1298,5,5,6,5,4,5,6,2,4,4,2,6,1,1,3,3
1299,3,4,5,5,7,6,6,6,5,5,5,4,1,1,5,3
1300,4,6,5,1,1,5,6,2,8,5,5,6,2,2,5,3
1301,5,5,5,6,3,6,6,5,5,5,5,5,2,1,5,2
1302,5,5,5,4,3,4,6,5,4,5,3,4,1,2,4,3
1303,2,3,4,2,5,4,7,4,4,5,2,4,2,1,5,2
1304,3,5,3,4,5,5,5,4,5,4,5,5,2,1,4,3
1305,3,6,4,3,4,4,6,5,5,4,3,6,2,1,4,4
1306,2,7,4,6,6,5,5,6,5,5,5,3,1,1,6,3
1307,3,2,5,3,3,4,6,3,3,3,2,2,1,2,4,3
1308,3,8,3,3,2,6,6,4,4,6,5,5,2,1,6,4
1309,5,4,4,4,3,3,6,3,7,4,3,2,2,1,2,3
1310,2,5,3,1,1,2,5,1,5,5,3,6,2,2,5,4
1311,3,5,3,3,5,6,7,5,6,5,3,5,1,1,5,4
1312,6,4,4,4,6,8,7,7,3,6,4,3,1,1,4,3
1313,3,5,3,1,1,4,4,1,4,7,5,4,2,2,5,2
1314,3,3,3,6,3,5,6,6,4,5,4,5,1,1,3,2
1315,5,4,4,2,2,5,6,4,5,5,3,3,2,1,4,3
1316,4,2,4,1,2,2,8,3,3,1,3,4,2,2,4,2
1317,2,6,4,5,5,4,4,4,5,8,5,5,2,1,6,4
1318,6,3,5,2,4,5,5,1,5,4,3,4,1,2,5,1
1319,2,6,5,6,6,6,6,6,5,4,1,5,1,1,5,3
1320,3,5,4,2,4,2,6,3,5,5,5,4,1,2,3,4
1321,2,3,4,7,6,6,6,6,4,5,3,3,1,1,4,4
1322,4,5,4,5,6,5,3,6,4,5,4,6,1,1,6,2
1323,3,7,5,4,2,3,3,4,6,7,6,6,2,1,5,4
1324,5,5,3,1,1,3,6,1,5,4,2,4,2,2,3,3
1325,3,5,6,1,1,2,6,3,4,6,4,4,2,2,5,3
1326,3,7,5,2,6,4,5,5,6,4,5,4,1,1,3,3
1327,4,3,3,1,1,1,7,1,5,3,2,1,2,2,4,2
1328,3,6,3,5,7,7,6,9,4,6,4,5,1,1,5,2
1329,3,5,4,4,3,5,6,5,7,5,7,5,2,1,4,4
1330,1,5,4,6,6,7,5,5,5,6,5,6,1,1,6,3
1331,1,6,4,5,4,7,4,4,6,6,5,8,1,1,7,3
1332,3,5,4,4,3,4,6,3,5,4,3,3,2,1,5,3
1333,2,6,5,6,5,6,5,6,6,6,5,4,1,1,5,4
1334,3,6,3,2,3,4,6,4,6,5,3,5,2,1,5,3
1335,2,6,4,3,1,3,5,4,5,6,5,4,2,1,4,5
1336,3,6,5,4,2,5,6,4,4,4,3,4,2,1,5,4
1337,3,4,8,1,1,2,7,2,7,4,3,3,2,2,2,3
1338,4,5,7,1,1,3,7,1,5,5,4,4,2,2,3,3
1339,2,4,6,1,2,3,4,2,4,7,6,5,1,2,5,3
1340,5,4,4,5,3,4,3,5,5,6,4,5,2,1,5,3
1341,4,4,4,1,1,3,6,1,4,5,1,5,2,2,4,3
1342,2,7,4,1,2,4,3,1,5,8,6,5,2,2,4,3
1343,3,6,5,5,3,4,7,2,6,6,5,4,2,1,5,5
1344,3,5,4,3,6,7,7,4,6,5,4,5,1,1,5,5
1345,3,5,6,5,4,6,6,5,5,7,3,5,1,1,6,3
1346,2,5,4,2,3,6,4,4,6,5,4,5,2,1,6,3
1347,1,6,3,2,1,6,4,1,5,6,4,4,2,1,5,5
1348,6,6,6,3,5,4,5,5,6,6,6,6,1,1,6,4
1349,3,5,5,3,2,5,6,6,5,5,3,4,1,2,3,4
1350,3,5,4,1,1,2,5,2,4,6,3,6,1,2,4,4
1351,3,5,4,1,3,4,6,3,5,4,5,3,1,2,4,3
1352,3,6,4,6,4,6,5,5,5,7,6,6,1,1,5,2
1353,3,6,4,4,4,5,5,4,5,7,5,6,2,1,4,4
1354,3,3,5,1,1,5,4,1,5,4,6,6,2,2,4,4
1355,1,5,5,3,5,5,5,4,4,5,5,4,1,1,2,4
1356,4,5,5,1,1,1,7,1,5,5,1,3,2,2,5,1
1357,3,5,6,1,1,2,5,1,5,6,5,5,2,2,6,3
1358,1,8,3,4,3,5,5,5,7,5,3,4,2,1,5,5
1359,5,4,5,5,5,6,3,6,3,5,5,4,1,1,5,4
1360,5,5,5,6,5,6,6,6,4,4,3,5,1,1,5,4
1361,3,5,5,2,1,3,5,2,5,5,5,5,2,2,4,3
1362,4,6,5,1,2,1,6,3,5,5,2,4,1,2,4,2
1363,4,4,5,7,7,8,5,6,4,3,4,6,1,1,4,4
1364,4,4,5,6,6,7,7,8,6,5,5,4,1,1,5,2
1365,2,7,4,4,5,5,5,5,5,4,4,4,1,1,6,2
1366,2,4,2,5,2,6,4,4,6,5,6,4,2,1,5,4
1367,1,4,5,6,5,6,5,6,6,6,4,6,1,1,5,4
1368,6,4,4,1,3,3,6,3,6,5,2,4,1,2,4,3
1369,4,6,2,6,6,6,4,7,5,6,5,6,1,1,5,4
1370,1,5,6,2,2,4,5,4,6,6,4,3,2,1,5,4
1371,4,6,4,3,4,5,4,4,5,7,5,4,2,1,4,3
1372,2,6,5,6,3,5,5,4,5,6,6,3,1,1,4,4
1373,5,6,5,4,4,6,5,6,5,5,5,5,2,1,5,2
1374,2,5,4,4,3,7,6,6,3,7,3,3,1,1,4,3
1375,3,7,4,8,4,6,5,8,6,3,3,5,1,1,5,3
1376,4,4,3,4,5,6,6,4,4,6,4,6,2,1,4,2
1377,4,3,3,4,4,3,5,8,4,4,4,3,1,1,4,2
1378,4,6,6,3,3,3,6,4,2,4,2,4,2,1,4,1
1379,3,4,4,4,3,5,4,5,5,6,5,4,2,1,3,4
1380,5,6,4,3,4,5,4,3,5,5,5,7,2,1,6,2
1381,4,5,6,6,6,7,7,5,6,5,3,4,1,1,5,4
1382,5,5,5,4,4,6,6,5,5,5,2,3,1,1,5,2
1383,2,7,3,4,2,6,4,5,6,7,5,5,2,1,6,3
1384,4,6,4,5,6,6,3,6,3,6,4,4,1,1,5,5
1385,2,6,1,8,4,5,5,5,6,5,4,4,1,1,5,3
1386,5,4,5,5,5,7,7,7,3,6,3,5,1,1,5,3
1387,1,5,5,5,5,5,5,7,6,7,6,5,1,1,5,4
1388,4,5,6,3,4,4,9,2,4,3,2,4,2,1,5,3
1389,4,4,4,3,5,7,7,6,3,5,3,3,1,1,4,2
1390,2,5,5,1,2,2,6,2,7,8,7,6,2,2,6,3
1391,4,6,5,2,2,5,6,2,5,3,4,5,2,1,4,4
1392,4,6,5,6,5,4,6,5,5,6,4,3,1,1,5,2
1393,5,5,4,3,1,1,5,2,5,4,2,6,2,2,2,4
1394,3,6,5,2,1,5,7,1,3,6,5,5,2,2,4,3
1395,2,6,6,2,2,3,5,3,6,6,3,4,2,2,5,5
1396,4,4,5,3,4,3,7,4,4,4,3,5,2,1,3,3
1397,3,6,7,5,7,7,6,7,5,7,3,4,1,1,5,4
1398,3,5,4,6,5,5,7,5,5,6,4,5,1,1,4,3
1399,4,7,3,2,3,6,5,3,4,9,5,5,1,2,5,3
1400,3,3,4,4,3,4,6,4,5,4,4,5,2,1,4,2
1401,3,5,4,3,3,5,6,4,6,6,4,4,2,1,4,4
1402,4,5,4,6,5,6,6,5,6,5,4,8,1,1,3,5
1403,2,5,4,3,4,4,2,1,4,7,3,4,2,1,4,4
1404,4,5,4,2,4,4,6,3,5,4,4,5,1,2,4,4
1405,2,4,3,3,4,4,7,5,7,5,4,5,1,2,5,3
1406,1,4,6,3,1,2,6,1,5,5,6,5,2,2,5,3
1407,1,8,3,7,5,5,2,7,6,6,6,7,1,1,7,4
1408,3,6,4,4,4,7,7,6,5,4,5,3,1,1,4,4
1409,2,5,4,5,3,5,5,4,5,7,5,6,2,1,4,4
1410,3,5,5,3,3,5,3,4,5,5,5,5,2,1,6,2
1411,4,6,5,4,3,4,7,5,6,6,5,4,2,1,4,4
1412,3,7,4,2,2,2,5,3,5,6,5,5,2,2,5,3
1413,4,4,4,6,5,7,8,7,3,4,3,5,1,1,2,4
1414,4,5,4,5,6,6,8,6,6,5,3,5,1,1,5,4
1415,5,4,5,5,4,7,6,5,3,2,3,3,1,1,4,2
1416,5,6,6,5,3,5,6,4,6,4,4,5,2,1,4,3
1417,3,6,2,3,6,7,7,5,5,7,5,3,1,1,5,5
1418,1,5,5,4,3,4,5,2,5,3,5,5,1,2,5,5
1419,3,5,5,1,1,2,9,3,6,2,2,4,2,2,4,3
1420,3,6,3,1,1,3,6,1,3,5,5,4,2,2,5,5
1421,1,3,6,4,4,5,5,5,5,6,4,5,1,1,5,4
1422,3,6,5,4,4,5,6,6,5,5,5,6,1,1,3,4
1423,3,4,7,6,5,7,7,6,5,8,5,2,1,1,3,3
1424,4,7,4,3,4,5,6,4,5,8,6,5,2,1,5,5
1425,5,2,5,4,1,4,6,4,5,3,5,2,1,2,5,2
1426,3,5,4,3,4,3,6,3,5,4,5,3,1,2,3,4
1427,4,6,6,4,2,5,4,4,5,6,5,5,2,1,4,3
1428,1,6,3,7,5,6,6,5,7,7,6,6,1,1,5,5
1429,4,4,5,2,1,2,6,1,3,5,7,5,2,2,3,3
1430,4,5,5,1,2,1,8,1,3,5,3,3,2,2,3,4
1431,4,4,4,4,4,7,5,5,7,4,4,3,1,1,4,2
1432,3,5,4,3,2,2,7,2,4,6,4,2,2,2,4,3
1433,3,7,4,5,3,5,7,3,5,7,4,6,1,1,6,4
1434,3,5,4,3,5,4,5,4,5,5,4,5,1,1,6,4
1435,4,5,6,1,1,1,6,1,6,3,3,3,2,2,4,2
1436,2,7,4,2,1,3,5,1,4,5,6,5,2,2,4,4
1437,3,6,2,5,4,7,5,4,4,3,6,5,1,1,5,3
1438,3,5,4,5,5,6,6,3,3,4,4,3,1,2,3,4
1439,2,5,3,1,3,5,4,4,6,4,5,5,1,2,5,3
1440,2,8,3,2,4,5,5,5,7,6,5,6,1,1,5,4
1441,3,4,3,2,5,6,6,4,4,5,3,3,2,1,6,3
1442,4,4,6,2,4,4,4,3,5,4,4,6,1,2,5,3
1443,3,5,6,2,2,4,8,2,6,6,3,5,2,1,5,1
1444,3,9,4,3,5,4,3,3,5,7,5,7,1,2,5,4
1445,5,5,6,5,8,4,5,6,3,4,5,4,1,1,5,3
1446,3,5,5,7,7,7,6,6,6,7,5,5,1,1,4,2
1447,4,5,5,5,3,5,6,2,4,4,3,2,2,1,5,3
1448,5,6,4,1,1,1,7,3,6,4,3,5,2,2,5,3
1449,3,4,4,6,8,5,5,6,4,6,4,6,1,1,4,4
1450,4,4,4,3,1,3,4,2,5,5,3,5,2,2,4,3
1451,2,7,4,1,1,3,6,3,5,5,5,5,2,2,4,3
1452,2,6,3,1,1,2,4,3,5,5,6,5,2,2,5,4
1453,3,4,3,5,6,4,6,6,4,4,4,4,1,1,4,4
1454,4,6,5,5,4,4,7,2,7,5,5,7,1,2,4,4
1455,5,3,6,5,5,6,9,5,3,3,1,4,1,1,1,3
1456,3,4,5,3,1,5,6,2,3,6,5,4,2,2,5,3
1457,3,3,4,5,5,5,6,4,4,4,5,6,1,1,6,2
1458,4,4,5,1,1,4,6,1,3,5,5,3,2,2,4,3
1459,4,5,5,3,3,6,6,4,3,5,4,3,2,1,4,3
1460,3,7,6,5,6,6,7,7,6,6,4,5,1,1,5,3
1461,4,5,4,3,3,6,5,2,5,7,3,6,2,1,4,4
1462,2,2,3,6,6,5,3,5,4,5,4,5,1,1,5,3
1463,3,3,5,3,3,5,6,5,5,6,4,4,1,2,4,2
1464,3,9,4,3,5,5,4,7,6,8,6,7,2,1,5,5
1465,3,6,5,5,5,5,6,8,5,5,3,4,1,1,4,4
1466,4,4,5,1,1,1,8,1,5,5,4,2,2,2,2,3
1467,2,8,4,4,3,5,5,4,5,6,5,6,2,1,6,4
1468,1,4,6,3,4,3,6,4,4,5,3,4,2,1,3,3
1469,4,4,7,5,5,6,7,5,3,4,3,5,1,1,4,4
1470,2,6,3,4,2,5,5,7,4,5,5,3,1,1,5,3
1471,4,6,5,5,5,6,5,4,5,5,4,7,1,1,4,4
1472,1,5,6,3,5,6,4,6,3,6,3,4,1,1,4,5
1473,3,4,6,4,1,3,5,2,4,6,2,4,1,2,4,2
1474,2,5,4,2,2,3,5,2,7,5,3,5,1,2,3,4
1475,1,5,5,2,2,3,5,4,3,7,4,6,1,2,6,4
1476,2,4,4,3,1,5,4,3,6,8,6,3,1,2,5,3
1477,5,5,4,4,2,6,4,4,5,7,3,5,2,1,4,3
1478,3,5,5,5,2,6,5,4,3,5,5,5,2,1,3,3
1479,3,6,6,1,1,3,4,1,5,6,4,4,2,2,5,5
1480,3,5,2,7,4,6,4,4,5,5,4,5,1,1,5,3
1481,1,4,4,1,1,1,5,1,6,5,4,6,2,2,5,5
1482,3,7,5,1,2,2,5,2,5,6,3,4,2,2,5,3
1483,2,6,5,5,6,5,5,4,6,6,5,4,1,1,6,4
1484,4,4,3,5,4,5,7,5,5,5,4,5,2,1,5,3
1485,3,8,6,6,7,7,5,8,4,4,4,5,1,1,4,3
1486,1,4,3,5,4,6,6,4,4,3,5,5,1,1,5,2
1487,3,2,5,5,5,6,6,7,5,6,5,3,1,1,3,2
1488,3,5,4,2,3,4,6,4,7,5,4,3,1,2,5,3
1489,4,5,4,7,6,5,5,5,6,5,4,5,1,1,4,5
1490,6,4,4,2,1,3,6,2,6,6,4,5,2,2,5,3
1491,3,5,3,5,3,4,5,4,5,6,6,5,2,1,3,3
1492,3,5,6,5,3,5,6,4,5,6,3,5,2,1,5,3
1493,3,4,2,3,1,4,6,4,5,5,5,5,1,2,6,4
1494,5,4,7,2,5,2,6,4,4,6,3,5,1,2,5,4
1495,4,6,3,4,5,5,3,3,5,6,5,5,2,1,4,4
1496,5,5,4,1,1,4,4,3,5,6,5,5,2,2,6,2
1497,4,5,5,4,5,4,5,5,4,5,3,5,1,1,4,2
1498,3,6,6,4,4,4,7,4,5,4,5,5,2,2,5,4
1499,2,6,4,5,4,5,7,5,7,5,5,2,1,1,4,3
1500,2,6,1,6,5,6,6,5,5,6,2,5,2,1,3,4
